T type,T type sentencecase,Specimen ID,T type class,Dataset,T type sub-class,Binary_Lamp5,
Vipr2-Ires2-Cre,Vipr2-Ires2-Cre,579662957,,Old Gouwen,Vipr2,0,
Vipr2-Ires2-Cre,Vipr2-Ires2-Cre,590558808,,Old Gouwen,Vipr2,0,
Vipr2-Ires2-Cre,Vipr2-Ires2-Cre,573404307,,Old Gouwen,Vipr2,0,
Vipr2-Ires2-Cre,Vipr2-Ires2-Cre,580145037,,Old Gouwen,Vipr2,0,
Vipr2-Ires2-Cre,Vipr2-Ires2-Cre,569073509,,Old Gouwen,Vipr2,0,
Vipr2-Ires2-Cre,Vipr2-Ires2-Cre,579660456,,Old Gouwen,Vipr2,0,
Vipr2-Ires2-Cre,Vipr2-Ires2-Cre,569072334,,Old Gouwen,Vipr2,0,
Vipr2-Ires2-Cre,Vipr2-Ires2-Cre,571956282,,Old Gouwen,Vipr2,0,
Vipr2-Ires2-Cre,Vipr2-Ires2-Cre,571939040,,Old Gouwen,Vipr2,0,
Vipr2-Ires2-Cre,Vipr2-Ires2-Cre,573685602,,Old Gouwen,Vipr2,0,
Vip-Ires-Cre,Vip-Ires-Cre,591517805,,Old Gouwen,Vip,0,
Vip-Ires-Cre,Vip-Ires-Cre,585080288,,Old Gouwen,Vip,0,
Vip-Ires-Cre,Vip-Ires-Cre,524689239,,Old Gouwen,Vip,0,
Vip-Ires-Cre,Vip-Ires-Cre,584495731,,Old Gouwen,Vip,0,
Vip-Ires-Cre,Vip-Ires-Cre,582917630,,Old Gouwen,Vip,0,
Vip-Ires-Cre,Vip-Ires-Cre,565213849,,Old Gouwen,Vip,0,
Vip-Ires-Cre,Vip-Ires-Cre,584517193,,Old Gouwen,Vip,0,
Vip-Ires-Cre,Vip-Ires-Cre,593655447,,Old Gouwen,Vip,0,
Vip-Ires-Cre,Vip-Ires-Cre,501570114,,Old Gouwen,Vip,0,
Vip-Ires-Cre,Vip-Ires-Cre,524693113,,Old Gouwen,Vip,0,
Vip-Ires-Cre,Vip-Ires-Cre,569802200,,Old Gouwen,Vip,0,
Vip-Ires-Cre,Vip-Ires-Cre,591396115,,Old Gouwen,Vip,0,
Vip-Ires-Cre,Vip-Ires-Cre,591626585,,Old Gouwen,Vip,0,
Vip-Ires-Cre,Vip-Ires-Cre,520347870,,Old Gouwen,Vip,0,
Vip-Ires-Cre,Vip-Ires-Cre,501736631,,Old Gouwen,Vip,0,
Vip-Ires-Cre,Vip-Ires-Cre,560814288,,Old Gouwen,Vip,0,
Vip-Ires-Cre,Vip-Ires-Cre,594611511,,Old Gouwen,Vip,0,
Vip-Ires-Cre,Vip-Ires-Cre,562527850,,Old Gouwen,Vip,0,
Vip-Ires-Cre,Vip-Ires-Cre,575919223,,Old Gouwen,Vip,0,
Vip-Ires-Cre,Vip-Ires-Cre,522418855,,Old Gouwen,Vip,0,
Vip-Ires-Cre,Vip-Ires-Cre,569794458,,Old Gouwen,Vip,0,
Vip-Ires-Cre,Vip-Ires-Cre,568767467,,Old Gouwen,Vip,0,
Vip-Ires-Cre,Vip-Ires-Cre,591627904,,Old Gouwen,Vip,0,
Vip-Ires-Cre,Vip-Ires-Cre,593646143,,Old Gouwen,Vip,0,
Vip-Ires-Cre,Vip-Ires-Cre,560690405,,Old Gouwen,Vip,0,
Vip-Ires-Cre,Vip-Ires-Cre,570924514,,Old Gouwen,Vip,0,
Vip-Ires-Cre,Vip-Ires-Cre,515264431,,Old Gouwen,Vip,0,
Vip-Ires-Cre,Vip-Ires-Cre,571255047,,Old Gouwen,Vip,0,
Vip-Ires-Cre,Vip-Ires-Cre,560690291,,Old Gouwen,Vip,0,
Vip-Ires-Cre,Vip-Ires-Cre,568757860,,Old Gouwen,Vip,0,
Vip-Ires-Cre,Vip-Ires-Cre,593054951,,Old Gouwen,Vip,0,
Vip-Ires-Cre,Vip-Ires-Cre,569810649,,Old Gouwen,Vip,0,
Vip-Ires-Cre,Vip-Ires-Cre,570014498,,Old Gouwen,Vip,0,
Vip-Ires-Cre,Vip-Ires-Cre,576336240,,Old Gouwen,Vip,0,
Vip-Ires-Cre,Vip-Ires-Cre,571233863,,Old Gouwen,Vip,0,
Vip-Ires-Cre,Vip-Ires-Cre,569809287,,Old Gouwen,Vip,0,
Vip-Ires-Cre,Vip-Ires-Cre,523478821,,Old Gouwen,Vip,0,
Vip-Ires-Cre,Vip-Ires-Cre,562530336,,Old Gouwen,Vip,0,
Vip-Ires-Cre,Vip-Ires-Cre,523205934,,Old Gouwen,Vip,0,
Vip-Ires-Cre,Vip-Ires-Cre,570896413,,Old Gouwen,Vip,0,
Vip-Ires-Cre,Vip-Ires-Cre,562540395,,Old Gouwen,Vip,0,
Vip-Ires-Cre,Vip-Ires-Cre,523478869,,Old Gouwen,Vip,0,
Vip-Ires-Cre,Vip-Ires-Cre,570932699,,Old Gouwen,Vip,0,
Vip-Ires-Cre,Vip-Ires-Cre,584587128,,Old Gouwen,Vip,0,
Vip-Ires-Cre,Vip-Ires-Cre,575920560,,Old Gouwen,Vip,0,
Vip-Ires-Cre,Vip-Ires-Cre,567007144,,Old Gouwen,Vip,0,
Vip-Ires-Cre,Vip-Ires-Cre,567006813,,Old Gouwen,Vip,0,
Vip-Ires-Cre,Vip-Ires-Cre,562535995,,Old Gouwen,Vip,0,
Vip-Ires-Cre,Vip-Ires-Cre,576046210,,Old Gouwen,Vip,0,
Vip-Ires-Cre,Vip-Ires-Cre,576411497,,Old Gouwen,Vip,0,
Vip-Ires-Cre,Vip-Ires-Cre,570589704,,Old Gouwen,Vip,0,
Vip-Ires-Cre,Vip-Ires-Cre,565880475,,Old Gouwen,Vip,0,
Vip-Ires-Cre,Vip-Ires-Cre,553006549,,Old Gouwen,Vip,0,
Vip-Ires-Cre,Vip-Ires-Cre,582632160,,Old Gouwen,Vip,0,
Vip-Ires-Cre,Vip-Ires-Cre,509620929,,Old Gouwen,Vip,0,
Vip-Ires-Cre,Vip-Ires-Cre,514907630,,Old Gouwen,Vip,0,
Vip-Ires-Cre,Vip-Ires-Cre,593054045,,Old Gouwen,Vip,0,
Vip-Ires-Cre,Vip-Ires-Cre,560424631,,Old Gouwen,Vip,0,
Vip-Ires-Cre,Vip-Ires-Cre,535728342,,Old Gouwen,Vip,0,
Vip-Ires-Cre,Vip-Ires-Cre,514767977,,Old Gouwen,Vip,0,
Vip-Ires-Cre,Vip-Ires-Cre,570626702,,Old Gouwen,Vip,0,
Vip-Ires-Cre,Vip-Ires-Cre,570921682,,Old Gouwen,Vip,0,
Vip-Ires-Cre,Vip-Ires-Cre,565191603,,Old Gouwen,Vip,0,
Vip-Ires-Cre,Vip-Ires-Cre,535708196,,Old Gouwen,Vip,0,
Vip-Ires-Cre,Vip-Ires-Cre,515315072,,Old Gouwen,Vip,0,
Vip-Ires-Cre,Vip-Ires-Cre,562524605,,Old Gouwen,Vip,0,
Vip-Ires-Cre,Vip-Ires-Cre,575937040,,Old Gouwen,Vip,0,
Vip-Ires-Cre,Vip-Ires-Cre,524675712,,Old Gouwen,Vip,0,
Vip-Ires-Cre,Vip-Ires-Cre,594589186,,Old Gouwen,Vip,0,
Vip-Ires-Cre,Vip-Ires-Cre,565191521,,Old Gouwen,Vip,0,
Vip-Ires-Cre,Vip-Ires-Cre,575923740,,Old Gouwen,Vip,0,
Vip-Ires-Cre,Vip-Ires-Cre,531121585,,Old Gouwen,Vip,0,
Vip-Ires-Cre,Vip-Ires-Cre,570589935,,Old Gouwen,Vip,0,
Vip-Ires-Cre,Vip-Ires-Cre,570081024,,Old Gouwen,Vip,0,
Vip-Ires-Cre,Vip-Ires-Cre,592868444,,Old Gouwen,Vip,0,
Vip-Ires-Cre,Vip-Ires-Cre,561934585,,Old Gouwen,Vip,0,
Vip-Ires-Cre,Vip-Ires-Cre,562539062,,Old Gouwen,Vip,0,
Sst-Ires-Cre,Sst-Ires-Cre,491029832,,Old Gouwen,Sst,0,
Sst-Ires-Cre,Sst-Ires-Cre,472517038,,Old Gouwen,Sst,0,
Sst-Ires-Cre,Sst-Ires-Cre,475580568,,Old Gouwen,Sst,0,
Sst-Ires-Cre,Sst-Ires-Cre,475068599,,Old Gouwen,Sst,0,
Sst-Ires-Cre,Sst-Ires-Cre,478716304,,Old Gouwen,Sst,0,
Sst-Ires-Cre,Sst-Ires-Cre,322197295,,Old Gouwen,Sst,0,
Sst-Ires-Cre,Sst-Ires-Cre,490912243,,Old Gouwen,Sst,0,
Sst-Ires-Cre,Sst-Ires-Cre,476104386,,Old Gouwen,Sst,0,
Sst-Ires-Cre,Sst-Ires-Cre,329224678,,Old Gouwen,Sst,0,
Sst-Ires-Cre,Sst-Ires-Cre,329322109,,Old Gouwen,Sst,0,
Sst-Ires-Cre,Sst-Ires-Cre,322536988,,Old Gouwen,Sst,0,
Sst-Ires-Cre,Sst-Ires-Cre,328031983,,Old Gouwen,Sst,0,
Sst-Ires-Cre,Sst-Ires-Cre,476093220,,Old Gouwen,Sst,0,
Sst-Ires-Cre,Sst-Ires-Cre,491026389,,Old Gouwen,Sst,0,
Sst-Ires-Cre,Sst-Ires-Cre,323501938,,Old Gouwen,Sst,0,
Sst-Ires-Cre,Sst-Ires-Cre,323452196,,Old Gouwen,Sst,0,
Sst-Ires-Cre,Sst-Ires-Cre,475047891,,Old Gouwen,Sst,0,
Sst-Ires-Cre,Sst-Ires-Cre,575646054,,Old Gouwen,Sst,0,
Sst-Ires-Cre,Sst-Ires-Cre,476099282,,Old Gouwen,Sst,0,
Sst-Ires-Cre,Sst-Ires-Cre,482690728,,Old Gouwen,Sst,0,
Sst-Ires-Cre,Sst-Ires-Cre,480171188,,Old Gouwen,Sst,0,
Sst-Ires-Cre,Sst-Ires-Cre,504608602,,Old Gouwen,Sst,0,
Sst-Ires-Cre,Sst-Ires-Cre,328015342,,Old Gouwen,Sst,0,
Sst-Ires-Cre,Sst-Ires-Cre,480183339,,Old Gouwen,Sst,0,
Sst-Ires-Cre,Sst-Ires-Cre,473543792,,Old Gouwen,Sst,0,
Sst-Ires-Cre,Sst-Ires-Cre,504605677,,Old Gouwen,Sst,0,
Sst-Ires-Cre,Sst-Ires-Cre,322246422,,Old Gouwen,Sst,0,
Sst-Ires-Cre,Sst-Ires-Cre,501282204,,Old Gouwen,Sst,0,
Sst-Ires-Cre,Sst-Ires-Cre,322197160,,Old Gouwen,Sst,0,
Sst-Ires-Cre,Sst-Ires-Cre,476764144,,Old Gouwen,Sst,0,
Sst-Ires-Cre,Sst-Ires-Cre,328954223,,Old Gouwen,Sst,0,
Sst-Ires-Cre,Sst-Ires-Cre,473011949,,Old Gouwen,Sst,0,
Sst-Ires-Cre,Sst-Ires-Cre,466664172,,Old Gouwen,Sst,0,
Sst-Ires-Cre,Sst-Ires-Cre,329241587,,Old Gouwen,Sst,0,
Sst-Ires-Cre,Sst-Ires-Cre,490278904,,Old Gouwen,Sst,0,
Sst-Ires-Cre,Sst-Ires-Cre,328535908,,Old Gouwen,Sst,0,
Sst-Ires-Cre,Sst-Ires-Cre,480187546,,Old Gouwen,Sst,0,
Sst-Ires-Cre,Sst-Ires-Cre,490276212,,Old Gouwen,Sst,0,
Sst-Ires-Cre,Sst-Ires-Cre,485061364,,Old Gouwen,Sst,0,
Sst-Ires-Cre,Sst-Ires-Cre,478396248,,Old Gouwen,Sst,0,
Sst-Ires-Cre,Sst-Ires-Cre,485455219,,Old Gouwen,Sst,0,
Sst-Ires-Cre,Sst-Ires-Cre,470581375,,Old Gouwen,Sst,0,
Sst-Ires-Cre,Sst-Ires-Cre,482735425,,Old Gouwen,Sst,0,
Sst-Ires-Cre,Sst-Ires-Cre,526785742,,Old Gouwen,Sst,0,
Sst-Ires-Cre,Sst-Ires-Cre,324522388,,Old Gouwen,Sst,0,
Sst-Ires-Cre,Sst-Ires-Cre,475465708,,Old Gouwen,Sst,0,
Sst-Ires-Cre,Sst-Ires-Cre,500966656,,Old Gouwen,Sst,0,
Sst-Ires-Cre,Sst-Ires-Cre,464198958,,Old Gouwen,Sst,0,
Sst-Ires-Cre,Sst-Ires-Cre,485287282,,Old Gouwen,Sst,0,
Sst-Ires-Cre,Sst-Ires-Cre,475517157,,Old Gouwen,Sst,0,
Sst-Ires-Cre,Sst-Ires-Cre,324256803,,Old Gouwen,Sst,0,
Sst-Ires-Cre,Sst-Ires-Cre,478412623,,Old Gouwen,Sst,0,
Sst-Ires-Cre,Sst-Ires-Cre,486352114,,Old Gouwen,Sst,0,
Sst-Ires-Cre,Sst-Ires-Cre,322500634,,Old Gouwen,Sst,0,
Sst-Ires-Cre,Sst-Ires-Cre,476686112,,Old Gouwen,Sst,0,
Sst-Ires-Cre,Sst-Ires-Cre,328093618,,Old Gouwen,Sst,0,
Sst-Ires-Cre,Sst-Ires-Cre,501280518,,Old Gouwen,Sst,0,
Sst-Ires-Cre,Sst-Ires-Cre,322229594,,Old Gouwen,Sst,0,
Sst-Ires-Cre,Sst-Ires-Cre,482692974,,Old Gouwen,Sst,0,
Sst-Ires-Cre,Sst-Ires-Cre,324257146,,Old Gouwen,Sst,0,
Sst-Ires-Cre,Sst-Ires-Cre,475202388,,Old Gouwen,Sst,0,
Sst-Ires-Cre,Sst-Ires-Cre,313862274,,Old Gouwen,Sst,0,
Sst-Ires-Cre,Sst-Ires-Cre,388874977,,Old Gouwen,Sst,0,
Sst-Ires-Cre,Sst-Ires-Cre,497560724,,Old Gouwen,Sst,0,
Sst-Ires-Cre,Sst-Ires-Cre,475542743,,Old Gouwen,Sst,0,
Sst-Ires-Cre,Sst-Ires-Cre,313862306,,Old Gouwen,Sst,0,
Sst-Ires-Cre,Sst-Ires-Cre,480171348,,Old Gouwen,Sst,0,
Sst-Ires-Cre,Sst-Ires-Cre,534141324,,Old Gouwen,Sst,0,
Sst-Ires-Cre,Sst-Ires-Cre,501798889,,Old Gouwen,Sst,0,
Sst-Ires-Cre,Sst-Ires-Cre,313862167,,Old Gouwen,Sst,0,
Sst-Ires-Cre,Sst-Ires-Cre,485455249,,Old Gouwen,Sst,0,
Sst-Ires-Cre,Sst-Ires-Cre,322515253,,Old Gouwen,Sst,0,
Sst-Ires-Cre,Sst-Ires-Cre,475517090,,Old Gouwen,Sst,0,
Sst-Ires-Cre,Sst-Ires-Cre,313862134,,Old Gouwen,Sst,0,
Sst-Ires-Cre,Sst-Ires-Cre,329254830,,Old Gouwen,Sst,0,
Sst-Ires-Cre,Sst-Ires-Cre,485455285,,Old Gouwen,Sst,0,
Sst-Ires-Cre,Sst-Ires-Cre,473564515,,Old Gouwen,Sst,0,
Sst-Ires-Cre,Sst-Ires-Cre,324495712,,Old Gouwen,Sst,0,
Sst-Ires-Cre,Sst-Ires-Cre,476753465,,Old Gouwen,Sst,0,
Sst-Ires-Cre,Sst-Ires-Cre,322507839,,Old Gouwen,Sst,0,
Sst-Ires-Cre,Sst-Ires-Cre,476751360,,Old Gouwen,Sst,0,
Sst-Ires-Cre,Sst-Ires-Cre,503866640,,Old Gouwen,Sst,0,
Sst-Ires-Cre,Sst-Ires-Cre,476741830,,Old Gouwen,Sst,0,
Sst-Ires-Cre,Sst-Ires-Cre,485058595,,Old Gouwen,Sst,0,
Sst-Ires-Cre,Sst-Ires-Cre,482744155,,Old Gouwen,Sst,0,
Sst-Ires-Cre,Sst-Ires-Cre,490173806,,Old Gouwen,Sst,0,
Sst-Ires-Cre,Sst-Ires-Cre,475132727,,Old Gouwen,Sst,0,
Sst-Ires-Cre,Sst-Ires-Cre,490789494,,Old Gouwen,Sst,0,
Sst-Ires-Cre,Sst-Ires-Cre,479897420,,Old Gouwen,Sst,0,
Sst-Ires-Cre,Sst-Ires-Cre,490908575,,Old Gouwen,Sst,0,
Sst-Ires-Cre,Sst-Ires-Cre,328876201,,Old Gouwen,Sst,0,
Sst-Ires-Cre,Sst-Ires-Cre,488677994,,Old Gouwen,Sst,0,
Sst-Ires-Cre,Sst-Ires-Cre,324493977,,Old Gouwen,Sst,0,
Sst-Ires-Cre,Sst-Ires-Cre,475542907,,Old Gouwen,Sst,0,
Sst-Ires-Cre,Sst-Ires-Cre,491030723,,Old Gouwen,Sst,0,
Sst-Ires-Cre,Sst-Ires-Cre,488677318,,Old Gouwen,Sst,0,
Sst-Ires-Cre,Sst-Ires-Cre,488677942,,Old Gouwen,Sst,0,
Sst-Ires-Cre,Sst-Ires-Cre,473540161,,Old Gouwen,Sst,0,
Sst-Ires-Cre,Sst-Ires-Cre,476100382,,Old Gouwen,Sst,0,
Sst-Ires-Cre,Sst-Ires-Cre,466271455,,Old Gouwen,Sst,0,
Sst-Ires-Cre,Sst-Ires-Cre,479905853,,Old Gouwen,Sst,0,
Sst-Ires-Cre,Sst-Ires-Cre,328549885,,Old Gouwen,Sst,0,
Sst-Ires-Cre,Sst-Ires-Cre,323475862,,Old Gouwen,Sst,0,
Sst-Ires-Cre,Sst-Ires-Cre,324466628,,Old Gouwen,Sst,0,
Sst-Ires-Cre,Sst-Ires-Cre,485466109,,Old Gouwen,Sst,0,
Sst-Ires-Cre,Sst-Ires-Cre,475515168,,Old Gouwen,Sst,0,
Sst-Ires-Cre,Sst-Ires-Cre,464212183,,Old Gouwen,Sst,0,
Scnn1A-Tg3-Cre,Scnn1A-Tg3-Cre,323834998,,Old Gouwen,Scnn1A,0,
Scnn1A-Tg3-Cre,Scnn1A-Tg3-Cre,488450754,,Old Gouwen,Scnn1A,0,
Scnn1A-Tg3-Cre,Scnn1A-Tg3-Cre,584632767,,Old Gouwen,Scnn1A,0,
Scnn1A-Tg2-Cre,Scnn1A-Tg2-Cre,483111429,,Old Gouwen,Scnn1A,0,
Scnn1A-Tg2-Cre,Scnn1A-Tg2-Cre,478891084,,Old Gouwen,Scnn1A,0,
Scnn1A-Tg2-Cre,Scnn1A-Tg2-Cre,467782778,,Old Gouwen,Scnn1A,0,
Scnn1A-Tg2-Cre,Scnn1A-Tg2-Cre,480011594,,Old Gouwen,Scnn1A,0,
Scnn1A-Tg2-Cre,Scnn1A-Tg2-Cre,478888083,,Old Gouwen,Scnn1A,0,
Pvalb-T2A-Flpo|Vipr2-Ires2-Cre,Pvalb-T2A-Flpo|Vipr2-Ires2-Cre,614777438,,Old Gouwen,Pvalb,0,
Pvalb-T2A-Flpo|Vipr2-Ires2-Cre,Pvalb-T2A-Flpo|Vipr2-Ires2-Cre,614767057,,Old Gouwen,Pvalb,0,
Pvalb-T2A-Creert2,Pvalb-T2A-Creert2,603502705,,Old Gouwen,Pvalb,0,
Pvalb-T2A-Creert2,Pvalb-T2A-Creert2,593709955,,Old Gouwen,Pvalb,0,
Pvalb-Ires-Cre,Pvalb-Ires-Cre,469801138,,Old Gouwen,Pvalb,0,
Pvalb-Ires-Cre,Pvalb-Ires-Cre,481127932,,Old Gouwen,Pvalb,0,
Pvalb-Ires-Cre,Pvalb-Ires-Cre,475549334,,Old Gouwen,Pvalb,0,
Pvalb-Ires-Cre,Pvalb-Ires-Cre,484744672,,Old Gouwen,Pvalb,0,
Pvalb-Ires-Cre,Pvalb-Ires-Cre,486754703,,Old Gouwen,Pvalb,0,
Pvalb-Ires-Cre,Pvalb-Ires-Cre,486755781,,Old Gouwen,Pvalb,0,
Pvalb-Ires-Cre,Pvalb-Ires-Cre,574399717,,Old Gouwen,Pvalb,0,
Pvalb-Ires-Cre,Pvalb-Ires-Cre,471085676,,Old Gouwen,Pvalb,0,
Pvalb-Ires-Cre,Pvalb-Ires-Cre,567901050,,Old Gouwen,Pvalb,0,
Pvalb-Ires-Cre,Pvalb-Ires-Cre,478947222,,Old Gouwen,Pvalb,0,
Pvalb-Ires-Cre,Pvalb-Ires-Cre,488438177,,Old Gouwen,Pvalb,0,
Pvalb-Ires-Cre,Pvalb-Ires-Cre,487405644,,Old Gouwen,Pvalb,0,
Pvalb-Ires-Cre,Pvalb-Ires-Cre,482516631,,Old Gouwen,Pvalb,0,
Pvalb-Ires-Cre,Pvalb-Ires-Cre,574377603,,Old Gouwen,Pvalb,0,
Pvalb-Ires-Cre,Pvalb-Ires-Cre,491031969,,Old Gouwen,Pvalb,0,
Pvalb-Ires-Cre,Pvalb-Ires-Cre,484742372,,Old Gouwen,Pvalb,0,
Pvalb-Ires-Cre,Pvalb-Ires-Cre,320455763,,Old Gouwen,Pvalb,0,
Pvalb-Ires-Cre,Pvalb-Ires-Cre,478793814,,Old Gouwen,Pvalb,0,
Pvalb-Ires-Cre,Pvalb-Ires-Cre,471088062,,Old Gouwen,Pvalb,0,
Pvalb-Ires-Cre,Pvalb-Ires-Cre,500864898,,Old Gouwen,Pvalb,0,
Pvalb-Ires-Cre,Pvalb-Ires-Cre,487400838,,Old Gouwen,Pvalb,0,
Pvalb-Ires-Cre,Pvalb-Ires-Cre,484744867,,Old Gouwen,Pvalb,0,
Pvalb-Ires-Cre,Pvalb-Ires-Cre,475895240,,Old Gouwen,Pvalb,0,
Pvalb-Ires-Cre,Pvalb-Ires-Cre,475894121,,Old Gouwen,Pvalb,0,
Pvalb-Ires-Cre,Pvalb-Ires-Cre,591278744,,Old Gouwen,Pvalb,0,
Pvalb-Ires-Cre,Pvalb-Ires-Cre,571314481,,Old Gouwen,Pvalb,0,
Pvalb-Ires-Cre,Pvalb-Ires-Cre,509683388,,Old Gouwen,Pvalb,0,
Pvalb-Ires-Cre,Pvalb-Ires-Cre,509779247,,Old Gouwen,Pvalb,0,
Pvalb-Ires-Cre,Pvalb-Ires-Cre,466114829,,Old Gouwen,Pvalb,0,
Pvalb-Ires-Cre,Pvalb-Ires-Cre,481093525,,Old Gouwen,Pvalb,0,
Pvalb-Ires-Cre,Pvalb-Ires-Cre,478958894,,Old Gouwen,Pvalb,0,
Pvalb-Ires-Cre,Pvalb-Ires-Cre,509515969,,Old Gouwen,Pvalb,0,
Pvalb-Ires-Cre,Pvalb-Ires-Cre,571379507,,Old Gouwen,Pvalb,0,
Pvalb-Ires-Cre,Pvalb-Ires-Cre,509522358,,Old Gouwen,Pvalb,0,
Pvalb-Ires-Cre,Pvalb-Ires-Cre,500864322,,Old Gouwen,Pvalb,0,
Pvalb-Ires-Cre,Pvalb-Ires-Cre,569998790,,Old Gouwen,Pvalb,0,
Pvalb-Ires-Cre,Pvalb-Ires-Cre,482491330,,Old Gouwen,Pvalb,0,
Pvalb-Ires-Cre,Pvalb-Ires-Cre,581403121,,Old Gouwen,Pvalb,0,
Pvalb-Ires-Cre,Pvalb-Ires-Cre,313861539,,Old Gouwen,Pvalb,0,
Pvalb-Ires-Cre,Pvalb-Ires-Cre,571715883,,Old Gouwen,Pvalb,0,
Pvalb-Ires-Cre,Pvalb-Ires-Cre,569997187,,Old Gouwen,Pvalb,0,
Pvalb-Ires-Cre,Pvalb-Ires-Cre,469614747,,Old Gouwen,Pvalb,0,
Pvalb-Ires-Cre,Pvalb-Ires-Cre,485245025,,Old Gouwen,Pvalb,0,
Pvalb-Ires-Cre,Pvalb-Ires-Cre,464368713,,Old Gouwen,Pvalb,0,
Pvalb-Ires-Cre,Pvalb-Ires-Cre,579414994,,Old Gouwen,Pvalb,0,
Pvalb-Ires-Cre,Pvalb-Ires-Cre,567952169,,Old Gouwen,Pvalb,0,
Pvalb-Ires-Cre,Pvalb-Ires-Cre,487668030,,Old Gouwen,Pvalb,0,
Pvalb-Ires-Cre,Pvalb-Ires-Cre,396369826,,Old Gouwen,Pvalb,0,
Pvalb-Ires-Cre,Pvalb-Ires-Cre,396687610,,Old Gouwen,Pvalb,0,
Pvalb-Ires-Cre,Pvalb-Ires-Cre,500879695,,Old Gouwen,Pvalb,0,
Pvalb-Ires-Cre,Pvalb-Ires-Cre,320247631,,Old Gouwen,Pvalb,0,
Pvalb-Ires-Cre,Pvalb-Ires-Cre,321707833,,Old Gouwen,Pvalb,0,
Pvalb-Ires-Cre,Pvalb-Ires-Cre,485053941,,Old Gouwen,Pvalb,0,
Pvalb-Ires-Cre,Pvalb-Ires-Cre,569991910,,Old Gouwen,Pvalb,0,
Pvalb-Ires-Cre,Pvalb-Ires-Cre,481127348,,Old Gouwen,Pvalb,0,
Pvalb-Ires-Cre,Pvalb-Ires-Cre,503254105,,Old Gouwen,Pvalb,0,
Pvalb-Ires-Cre,Pvalb-Ires-Cre,486791945,,Old Gouwen,Pvalb,0,
Pvalb-Ires-Cre,Pvalb-Ires-Cre,567987585,,Old Gouwen,Pvalb,0,
Pvalb-Ires-Cre,Pvalb-Ires-Cre,573976402,,Old Gouwen,Pvalb,0,
Pvalb-Ires-Cre,Pvalb-Ires-Cre,569749430,,Old Gouwen,Pvalb,0,
Pvalb-Ires-Cre,Pvalb-Ires-Cre,466245544,,Old Gouwen,Pvalb,0,
Pvalb-Ires-Cre,Pvalb-Ires-Cre,485253111,,Old Gouwen,Pvalb,0,
Pvalb-Ires-Cre,Pvalb-Ires-Cre,488685185,,Old Gouwen,Pvalb,0,
Pvalb-Ires-Cre,Pvalb-Ires-Cre,569723367,,Old Gouwen,Pvalb,0,
Pvalb-Ires-Cre,Pvalb-Ires-Cre,579671105,,Old Gouwen,Pvalb,0,
Pvalb-Ires-Cre,Pvalb-Ires-Cre,491038812,,Old Gouwen,Pvalb,0,
Pvalb-Ires-Cre,Pvalb-Ires-Cre,487640196,,Old Gouwen,Pvalb,0,
Pvalb-Ires-Cre,Pvalb-Ires-Cre,487323089,,Old Gouwen,Pvalb,0,
Pvalb-Ires-Cre,Pvalb-Ires-Cre,569723405,,Old Gouwen,Pvalb,0,
Pvalb-Ires-Cre,Pvalb-Ires-Cre,484629749,,Old Gouwen,Pvalb,0,
Pvalb-Ires-Cre,Pvalb-Ires-Cre,488501071,,Old Gouwen,Pvalb,0,
Pvalb-Ires-Cre,Pvalb-Ires-Cre,487638658,,Old Gouwen,Pvalb,0,
Pvalb-Ires-Cre,Pvalb-Ires-Cre,599434799,,Old Gouwen,Pvalb,0,
Pvalb-Ires-Cre,Pvalb-Ires-Cre,321704734,,Old Gouwen,Pvalb,0,
Pvalb-Ires-Cre,Pvalb-Ires-Cre,588189066,,Old Gouwen,Pvalb,0,
Pvalb-Ires-Cre,Pvalb-Ires-Cre,480735016,,Old Gouwen,Pvalb,0,
Pvalb-Ires-Cre,Pvalb-Ires-Cre,579672464,,Old Gouwen,Pvalb,0,
Pvalb-Ires-Cre,Pvalb-Ires-Cre,572295788,,Old Gouwen,Pvalb,0,
Pvalb-Ires-Cre,Pvalb-Ires-Cre,396608557,,Old Gouwen,Pvalb,0,
Pvalb-Ires-Cre,Pvalb-Ires-Cre,574992320,,Old Gouwen,Pvalb,0,
Pvalb-Ires-Cre,Pvalb-Ires-Cre,488708322,,Old Gouwen,Pvalb,0,
Pvalb-Ires-Cre,Pvalb-Ires-Cre,475550148,,Old Gouwen,Pvalb,0,
Pvalb-Ires-Cre,Pvalb-Ires-Cre,570081589,,Old Gouwen,Pvalb,0,
Pvalb-Ires-Cre,Pvalb-Ires-Cre,321708130,,Old Gouwen,Pvalb,0,
Pvalb-Ires-Cre,Pvalb-Ires-Cre,511247944,,Old Gouwen,Pvalb,0,
Pvalb-Ires-Cre,Pvalb-Ires-Cre,485184849,,Old Gouwen,Pvalb,0,
Pvalb-Ires-Cre,Pvalb-Ires-Cre,485182007,,Old Gouwen,Pvalb,0,
Pvalb-Ires-Cre,Pvalb-Ires-Cre,569955172,,Old Gouwen,Pvalb,0,
Pvalb-Ires-Cre,Pvalb-Ires-Cre,478795872,,Old Gouwen,Pvalb,0,
Pvalb-Ires-Cre,Pvalb-Ires-Cre,477490421,,Old Gouwen,Pvalb,0,
Pvalb-Ires-Cre,Pvalb-Ires-Cre,480963429,,Old Gouwen,Pvalb,0,
Pvalb-Ires-Cre,Pvalb-Ires-Cre,318553131,,Old Gouwen,Pvalb,0,
Pvalb-Ires-Cre,Pvalb-Ires-Cre,515305346,,Old Gouwen,Pvalb,0,
Pvalb-Ires-Cre,Pvalb-Ires-Cre,486777819,,Old Gouwen,Pvalb,0,
Pvalb-Ires-Cre,Pvalb-Ires-Cre,330080937,,Old Gouwen,Pvalb,0,
Pvalb-Ires-Cre,Pvalb-Ires-Cre,510715606,,Old Gouwen,Pvalb,0,
Pvalb-Ires-Cre,Pvalb-Ires-Cre,469610831,,Old Gouwen,Pvalb,0,
Pvalb-Ires-Cre,Pvalb-Ires-Cre,478058328,,Old Gouwen,Pvalb,0,
Pvalb-Ires-Cre,Pvalb-Ires-Cre,320466776,,Old Gouwen,Pvalb,0,
Pvalb-Ires-Cre,Pvalb-Ires-Cre,579283563,,Old Gouwen,Pvalb,0,
Pvalb-Ires-Cre,Pvalb-Ires-Cre,572376830,,Old Gouwen,Pvalb,0,
Pvalb-Ires-Cre,Pvalb-Ires-Cre,341016267,,Old Gouwen,Pvalb,0,
Pvalb-Ires-Cre,Pvalb-Ires-Cre,488687042,,Old Gouwen,Pvalb,0,
Pvalb-Ires-Cre,Pvalb-Ires-Cre,572409429,,Old Gouwen,Pvalb,0,
Pvalb-Ires-Cre,Pvalb-Ires-Cre,341459814,,Old Gouwen,Pvalb,0,
Pvalb-Ires-Cre,Pvalb-Ires-Cre,574067499,,Old Gouwen,Pvalb,0,
Pvalb-Ires-Cre,Pvalb-Ires-Cre,318543876,,Old Gouwen,Pvalb,0,
Pvalb-Ires-Cre,Pvalb-Ires-Cre,569720969,,Old Gouwen,Pvalb,0,
Pvalb-Ires-Cre,Pvalb-Ires-Cre,510706277,,Old Gouwen,Pvalb,0,
Pvalb-Ires-Cre,Pvalb-Ires-Cre,485048967,,Old Gouwen,Pvalb,0,
Pvalb-Ires-Cre,Pvalb-Ires-Cre,480952106,,Old Gouwen,Pvalb,0,
Pvalb-Ires-Cre,Pvalb-Ires-Cre,479298854,,Old Gouwen,Pvalb,0,
Pvalb-Ires-Cre,Pvalb-Ires-Cre,320466871,,Old Gouwen,Pvalb,0,
Pvalb-Ires-Cre,Pvalb-Ires-Cre,515302868,,Old Gouwen,Pvalb,0,
Pvalb-Ires-Cre,Pvalb-Ires-Cre,487306716,,Old Gouwen,Pvalb,0,
Pvalb-Ires-Cre,Pvalb-Ires-Cre,570946690,,Old Gouwen,Pvalb,0,
Pvalb-Ires-Cre,Pvalb-Ires-Cre,318556138,,Old Gouwen,Pvalb,0,
Pvalb-Ires-Cre,Pvalb-Ires-Cre,470062597,,Old Gouwen,Pvalb,0,
Pvalb-Ires-Cre,Pvalb-Ires-Cre,580639899,,Old Gouwen,Pvalb,0,
Pvalb-Ires-Cre,Pvalb-Ires-Cre,318331342,,Old Gouwen,Pvalb,0,
Pvalb-Ires-Cre,Pvalb-Ires-Cre,318522838,,Old Gouwen,Pvalb,0,
Pvalb-Ires-Cre,Pvalb-Ires-Cre,475892238,,Old Gouwen,Pvalb,0,
Pvalb-Ires-Cre,Pvalb-Ires-Cre,471077857,,Old Gouwen,Pvalb,0,
Pvalb-Ires-Cre,Pvalb-Ires-Cre,572609108,,Old Gouwen,Pvalb,0,
Pvalb-Ires-Cre,Pvalb-Ires-Cre,482516713,,Old Gouwen,Pvalb,0,
Pvalb-Ires-Cre,Pvalb-Ires-Cre,469992918,,Old Gouwen,Pvalb,0,
Pvalb-Ires-Cre,Pvalb-Ires-Cre,486783119,,Old Gouwen,Pvalb,0,
Pvalb-Ires-Cre,Pvalb-Ires-Cre,478949560,,Old Gouwen,Pvalb,0,
Pvalb-Ires-Cre,Pvalb-Ires-Cre,573948335,,Old Gouwen,Pvalb,0,
Pvalb-Ires-Cre,Pvalb-Ires-Cre,481127173,,Old Gouwen,Pvalb,0,
Pvalb-Ires-Cre,Pvalb-Ires-Cre,313861411,,Old Gouwen,Pvalb,0,
Pvalb-Ires-Cre,Pvalb-Ires-Cre,488688580,,Old Gouwen,Pvalb,0,
Pvalb-Ires-Cre,Pvalb-Ires-Cre,581404810,,Old Gouwen,Pvalb,0,
Pvalb-Ires-Cre,Pvalb-Ires-Cre,567446579,,Old Gouwen,Pvalb,0,
Pvalb-Ires-Cre,Pvalb-Ires-Cre,579282688,,Old Gouwen,Pvalb,0,
Pvalb-Ires-Cre,Pvalb-Ires-Cre,509516379,,Old Gouwen,Pvalb,0,
Pvalb-Ires-Cre,Pvalb-Ires-Cre,481018305,,Old Gouwen,Pvalb,0,
Pvalb-Ires-Cre,Pvalb-Ires-Cre,481096407,,Old Gouwen,Pvalb,0,
Pvalb-Ires-Cre,Pvalb-Ires-Cre,488770805,,Old Gouwen,Pvalb,0,
Pvalb-Ires-Cre,Pvalb-Ires-Cre,487667205,,Old Gouwen,Pvalb,0,
Pvalb-Ires-Cre,Pvalb-Ires-Cre,488711144,,Old Gouwen,Pvalb,0,
Pvalb-Ires-Cre,Pvalb-Ires-Cre,488440436,,Old Gouwen,Pvalb,0,
Pvalb-Ires-Cre,Pvalb-Ires-Cre,490387590,,Old Gouwen,Pvalb,0,
Pvalb-Ires-Cre,Pvalb-Ires-Cre,579392973,,Old Gouwen,Pvalb,0,
Pvalb-Ires-Cre,Pvalb-Ires-Cre,336676216,,Old Gouwen,Pvalb,0,
Pvalb-Ires-Cre,Pvalb-Ires-Cre,488501487,,Old Gouwen,Pvalb,0,
Pvalb-Ires-Cre,Pvalb-Ires-Cre,488440893,,Old Gouwen,Pvalb,0,
Pvalb-Ires-Cre,Pvalb-Ires-Cre,490386426,,Old Gouwen,Pvalb,0,
Pvalb-Ires-Cre,Pvalb-Ires-Cre,318362027,,Old Gouwen,Pvalb,0,
Pvalb-Ires-Cre,Pvalb-Ires-Cre,485639243,,Old Gouwen,Pvalb,0,
Pvalb-Ires-Cre,Pvalb-Ires-Cre,313861608,,Old Gouwen,Pvalb,0,
Pvalb-Ires-Cre,Pvalb-Ires-Cre,509617624,,Old Gouwen,Pvalb,0,
Pvalb-Ires-Cre,Pvalb-Ires-Cre,485060618,,Old Gouwen,Pvalb,0,
Pvalb-Ires-Cre,Pvalb-Ires-Cre,479225274,,Old Gouwen,Pvalb,0,
Pvalb-Ires-Cre,Pvalb-Ires-Cre,567927838,,Old Gouwen,Pvalb,0,
Pvalb-Ires-Cre,Pvalb-Ires-Cre,570091111,,Old Gouwen,Pvalb,0,
Pvalb-Ires-Cre,Pvalb-Ires-Cre,322520586,,Old Gouwen,Pvalb,0,
Pvalb-Ires-Cre,Pvalb-Ires-Cre,482444444,,Old Gouwen,Pvalb,0,
Pvalb-Ires-Cre,Pvalb-Ires-Cre,471087830,,Old Gouwen,Pvalb,0,
Pvalb-Ires-Cre,Pvalb-Ires-Cre,591268268,,Old Gouwen,Pvalb,0,
Pvalb-Ires-Cre,Pvalb-Ires-Cre,574059157,,Old Gouwen,Pvalb,0,
Pvalb-Ires-Cre,Pvalb-Ires-Cre,570931770,,Old Gouwen,Pvalb,0,
Pvalb-Ires-Cre,Pvalb-Ires-Cre,598380007,,Old Gouwen,Pvalb,0,
Pvalb-Ires-Cre,Pvalb-Ires-Cre,321707905,,Old Gouwen,Pvalb,0,
Pvalb-Ires-Cre,Pvalb-Ires-Cre,488707768,,Old Gouwen,Pvalb,0,
Pvalb-Ires-Cre,Pvalb-Ires-Cre,579290303,,Old Gouwen,Pvalb,0,
Pvalb-Ires-Cre,Pvalb-Ires-Cre,487594856,,Old Gouwen,Pvalb,0,
Pvalb-Ires-Cre,Pvalb-Ires-Cre,591639922,,Old Gouwen,Pvalb,0,
Pvalb-Ires-Cre,Pvalb-Ires-Cre,333604946,,Old Gouwen,Pvalb,0,
Pvalb-Ires-Cre,Pvalb-Ires-Cre,469801569,,Old Gouwen,Pvalb,0,
Pvalb-Ires-Cre,Pvalb-Ires-Cre,396652279,,Old Gouwen,Pvalb,0,
Pvalb-Ires-Cre,Pvalb-Ires-Cre,475545150,,Old Gouwen,Pvalb,0,
Pvalb-Ires-Cre,Pvalb-Ires-Cre,321016044,,Old Gouwen,Pvalb,0,
Pvalb-Ires-Cre,Pvalb-Ires-Cre,475549284,,Old Gouwen,Pvalb,0,
Pvalb-Ires-Cre,Pvalb-Ires-Cre,478828646,,Old Gouwen,Pvalb,0,
Pvalb-Ires-Cre,Pvalb-Ires-Cre,511244283,,Old Gouwen,Pvalb,0,
Pvalb-Ires-Cre,Pvalb-Ires-Cre,396650742,,Old Gouwen,Pvalb,0,
Pvalb-Ires-Cre,Pvalb-Ires-Cre,486896849,,Old Gouwen,Pvalb,0,
Pvalb-Ires-Cre,Pvalb-Ires-Cre,330154280,,Old Gouwen,Pvalb,0,
Pvalb-Ires-Cre,Pvalb-Ires-Cre,515296303,,Old Gouwen,Pvalb,0,
Pvalb-Ires-Cre,Pvalb-Ires-Cre,571311039,,Old Gouwen,Pvalb,0,
Pvalb-Ires-Cre,Pvalb-Ires-Cre,572375809,,Old Gouwen,Pvalb,0,
Pvalb-Ires-Cre,Pvalb-Ires-Cre,481017021,,Old Gouwen,Pvalb,0,
Pvalb-Ires-Cre,Pvalb-Ires-Cre,484818613,,Old Gouwen,Pvalb,0,
Pvalb-Ires-Cre,Pvalb-Ires-Cre,484635029,,Old Gouwen,Pvalb,0,
Pvalb-Ires-Cre,Pvalb-Ires-Cre,569955315,,Old Gouwen,Pvalb,0,
Pvalb-Ires-Cre,Pvalb-Ires-Cre,321023397,,Old Gouwen,Pvalb,0,
Pvalb-Ires-Cre,Pvalb-Ires-Cre,571867358,,Old Gouwen,Pvalb,0,
Pvalb-Ires-Cre,Pvalb-Ires-Cre,313862373,,Old Gouwen,Pvalb,0,
Pvalb-Ires-Cre,Pvalb-Ires-Cre,487359276,,Old Gouwen,Pvalb,0,
Pvalb-Ires-Cre,Pvalb-Ires-Cre,485630699,,Old Gouwen,Pvalb,0,
Pvalb-Ires-Cre,Pvalb-Ires-Cre,568790226,,Old Gouwen,Pvalb,0,
Pvalb-Ires-Cre,Pvalb-Ires-Cre,489719193,,Old Gouwen,Pvalb,0,
Pvalb-Ires-Cre,Pvalb-Ires-Cre,487537399,,Old Gouwen,Pvalb,0,
Pvalb-Ires-Cre,Pvalb-Ires-Cre,318331264,,Old Gouwen,Pvalb,0,
Pvalb-Ires-Cre,Pvalb-Ires-Cre,488497498,,Old Gouwen,Pvalb,0,
Pvalb-Ires-Cre,Pvalb-Ires-Cre,475888653,,Old Gouwen,Pvalb,0,
Pvalb-Ires-Cre,Pvalb-Ires-Cre,570098371,,Old Gouwen,Pvalb,0,
Pvalb-Ires-Cre,Pvalb-Ires-Cre,396274594,,Old Gouwen,Pvalb,0,
Pvalb-Ires-Cre,Pvalb-Ires-Cre,471077468,,Old Gouwen,Pvalb,0,
Pvalb-Ires-Cre,Pvalb-Ires-Cre,341442651,,Old Gouwen,Pvalb,0,
Pvalb-Ires-Cre,Pvalb-Ires-Cre,571379222,,Old Gouwen,Pvalb,0,
Pvalb-Ires-Cre,Pvalb-Ires-Cre,320421014,,Old Gouwen,Pvalb,0,
Pvalb-Ires-Cre,Pvalb-Ires-Cre,464290292,,Old Gouwen,Pvalb,0,
Pvalb-Ires-Cre,Pvalb-Ires-Cre,333785962,,Old Gouwen,Pvalb,0,
Pvalb-Ires-Cre,Pvalb-Ires-Cre,484742605,,Old Gouwen,Pvalb,0,
Pvalb-Ires-Cre,Pvalb-Ires-Cre,570932768,,Old Gouwen,Pvalb,0,
Pvalb-Ires-Cre,Pvalb-Ires-Cre,321019600,,Old Gouwen,Pvalb,0,
Pvalb-Ires-Cre,Pvalb-Ires-Cre,500862585,,Old Gouwen,Pvalb,0,
Pvalb-Ires-Cre,Pvalb-Ires-Cre,488230133,,Old Gouwen,Pvalb,0,
Pvalb-Ires-Cre,Pvalb-Ires-Cre,485640247,,Old Gouwen,Pvalb,0,
Pvalb-Ires-Cre,Pvalb-Ires-Cre,333785935,,Old Gouwen,Pvalb,0,
Pvalb-Ires-Cre,Pvalb-Ires-Cre,572609946,,Old Gouwen,Pvalb,0,
Vipr2-Ires2-Cre,Vipr2-Ires2-Cre,804968066,MGE interneuron,New Patchseq,Sst,0,
Vipr2-Ires2-Cre,Vipr2-Ires2-Cre,808824183,MGE interneuron,New Patchseq,Sst,0,
Vipr2-Ires2-Cre,Vipr2-Ires2-Cre,849535368,MGE interneuron,New Patchseq,Sst,0,
Vipr2-Ires2-Cre,Vipr2-Ires2-Cre,861769605,CGE interneuron,New Patchseq,Sncg,0,
Vipr2-Ires2-Cre,Vipr2-Ires2-Cre,825269133,MGE interneuron,New Patchseq,Pvalb,0,
Vipr2-Ires2-Cre,Vipr2-Ires2-Cre,739558698,MGE interneuron,New Patchseq,Sst,0,
Vipr2-Ires2-Cre,Vipr2-Ires2-Cre,714485370,CGE interneuron,New Patchseq,Sncg,0,
Vipr2-Ires2-Cre,Vipr2-Ires2-Cre,669047778,MGE interneuron,New Patchseq,Sst,0,
Vipr2-Ires2-Cre,Vipr2-Ires2-Cre,941868688,CGE interneuron,New Patchseq,Sncg,0,
Vipr2-Ires2-Cre,Vipr2-Ires2-Cre,697795277,MGE interneuron,New Patchseq,Pvalb,0,
Vip-Ires-Cre,Vip-Ires-Cre,669072736,MGE interneuron,New Patchseq,Pvalb,0,
Vip-Ires-Cre,Vip-Ires-Cre,652516963,CGE interneuron,New Patchseq,Sncg,0,
Vip-Ires-Cre,Vip-Ires-Cre,718188717,MGE interneuron,New Patchseq,Pvalb,0,
Vip-Ires-Cre,Vip-Ires-Cre,673427380,MGE interneuron,New Patchseq,Sst,0,
Vip-Ires-Cre,Vip-Ires-Cre,657984709,MGE interneuron,New Patchseq,Pvalb,0,
Vip-Ires-Cre,Vip-Ires-Cre,652306478,MGE interneuron,New Patchseq,Pvalb,0,
Vip-Ires-Cre,Vip-Ires-Cre,740110275,MGE interneuron,New Patchseq,Sst,0,
Vip-Ires-Cre,Vip-Ires-Cre,731882356,CGE interneuron,New Patchseq,Lamp5,1,
Vip-Ires-Cre,Vip-Ires-Cre,743458377,CGE interneuron,New Patchseq,Vip,0,
Vip-Ires-Cre,Vip-Ires-Cre,812996960,MGE interneuron,New Patchseq,Sst,0,
Vip-Ires-Cre,Vip-Ires-Cre,640061596,MGE interneuron,New Patchseq,Sst,0,
Vip-Ires-Cre,Vip-Ires-Cre,813500978,CGE interneuron,New Patchseq,Sncg,0,
Vip-Ires-Cre,Vip-Ires-Cre,685624703,MGE interneuron,New Patchseq,Sst,0,
Vip-Ires-Cre,Vip-Ires-Cre,760416458,MGE interneuron,New Patchseq,Sst,0,
Vip-Ires-Cre,Vip-Ires-Cre,700413526,CGE interneuron,New Patchseq,Vip,0,
Vip-Ires-Cre,Vip-Ires-Cre,711464852,MGE interneuron,New Patchseq,Sst,0,
Vip-Ires-Cre,Vip-Ires-Cre,689280134,MGE interneuron,New Patchseq,Pvalb,0,
Vip-Ires-Cre,Vip-Ires-Cre,760280955,MGE interneuron,New Patchseq,Sst,0,
Vip-Ires-Cre,Vip-Ires-Cre,740134630,MGE interneuron,New Patchseq,Sst,0,
Vip-Ires-Cre,Vip-Ires-Cre,809006343,MGE interneuron,New Patchseq,Pvalb,0,
Vip-Ires-Cre,Vip-Ires-Cre,688115867,MGE interneuron,New Patchseq,Sst,0,
Vip-Ires-Cre,Vip-Ires-Cre,941802910,CGE interneuron,New Patchseq,Sncg,0,
Vip-Ires-Cre,Vip-Ires-Cre,853882442,MGE interneuron,New Patchseq,Pvalb,0,
Vip-Ires-Cre,Vip-Ires-Cre,731917470,CGE interneuron,New Patchseq,Lamp5,1,
Vip-Ires-Cre,Vip-Ires-Cre,766097293,MGE interneuron,New Patchseq,Pvalb,0,
Vip-Ires-Cre,Vip-Ires-Cre,843366621,MGE interneuron,New Patchseq,Sst,0,
Vip-Ires-Cre,Vip-Ires-Cre,746924803,MGE interneuron,New Patchseq,Sst,0,
Vip-Ires-Cre,Vip-Ires-Cre,707162377,MGE interneuron,New Patchseq,Sst,0,
Vip-Ires-Cre,Vip-Ires-Cre,601506507,CGE interneuron,New Patchseq,Vip,0,
Vip-Ires-Cre,Vip-Ires-Cre,859621160,CGE interneuron,New Patchseq,Sncg,0,
Vip-Ires-Cre,Vip-Ires-Cre,759909292,MGE interneuron,New Patchseq,Sst,0,
Vip-Ires-Cre,Vip-Ires-Cre,941794256,CGE interneuron,New Patchseq,Sncg,0,
Vip-Ires-Cre,Vip-Ires-Cre,761297232,CGE interneuron,New Patchseq,Vip,0,
Vip-Ires-Cre,Vip-Ires-Cre,751199266,MGE interneuron,New Patchseq,Sst,0,
Vip-Ires-Cre,Vip-Ires-Cre,761429710,MGE interneuron,New Patchseq,Pvalb,0,
Vip-Ires-Cre,Vip-Ires-Cre,692821749,MGE interneuron,New Patchseq,Pvalb,0,
Vip-Ires-Cre,Vip-Ires-Cre,786176775,MGE interneuron,New Patchseq,Sst,0,
Vip-Ires-Cre,Vip-Ires-Cre,657983207,MGE interneuron,New Patchseq,Sst,0,
Vip-Ires-Cre,Vip-Ires-Cre,739539292,MGE interneuron,New Patchseq,Sst,0,
Vip-Ires-Cre,Vip-Ires-Cre,644941196,CGE interneuron,New Patchseq,Lamp5,1,
Vip-Ires-Cre,Vip-Ires-Cre,861736319,CGE interneuron,New Patchseq,Sncg,0,
Vip-Ires-Cre,Vip-Ires-Cre,694162255,MGE interneuron,New Patchseq,Sst,0,
Vip-Ires-Cre,Vip-Ires-Cre,763912380,CGE interneuron,New Patchseq,Sncg,0,
Vip-Ires-Cre,Vip-Ires-Cre,728756295,MGE interneuron,New Patchseq,Sst,0,
Vip-Ires-Cre,Vip-Ires-Cre,898703349,CGE interneuron,New Patchseq,Vip,0,
Vip-Ires-Cre,Vip-Ires-Cre,745692039,MGE interneuron,New Patchseq,Sst,0,
Vip-Ires-Cre,Vip-Ires-Cre,746747868,MGE interneuron,New Patchseq,Sst,0,
Vip-Ires-Cre,Vip-Ires-Cre,873854264,MGE interneuron,New Patchseq,Sst,0,
Vip-Ires-Cre,Vip-Ires-Cre,652533530,MGE interneuron,New Patchseq,Sst,0,
Vip-Ires-Cre,Vip-Ires-Cre,659012847,MGE interneuron,New Patchseq,Pvalb,0,
Vip-Ires-Cre,Vip-Ires-Cre,659395808,MGE interneuron,New Patchseq,Sst,0,
Vip-Ires-Cre,Vip-Ires-Cre,849607183,MGE interneuron,New Patchseq,Sst,0,
Vip-Ires-Cre,Vip-Ires-Cre,698042345,MGE interneuron,New Patchseq,Pvalb,0,
Vip-Ires-Cre,Vip-Ires-Cre,646805498,MGE interneuron,New Patchseq,Pvalb,0,
Vip-Ires-Cre,Vip-Ires-Cre,752042986,MGE interneuron,New Patchseq,Sst,0,
Vip-Ires-Cre,Vip-Ires-Cre,644571405,MGE interneuron,New Patchseq,Pvalb,0,
Vip-Ires-Cre,Vip-Ires-Cre,746200101,MGE interneuron,New Patchseq,Sst,0,
Vip-Ires-Cre,Vip-Ires-Cre,760064682,MGE interneuron,New Patchseq,Pvalb,0,
Vip-Ires-Cre,Vip-Ires-Cre,663193112,MGE interneuron,New Patchseq,Pvalb,0,
Vip-Ires-Cre,Vip-Ires-Cre,702051128,MGE interneuron,New Patchseq,Sst,0,
Vip-Ires-Cre,Vip-Ires-Cre,674069192,MGE interneuron,New Patchseq,Sst,0,
Vip-Ires-Cre,Vip-Ires-Cre,667492234,CGE interneuron,New Patchseq,Lamp5,1,
Vip-Ires-Cre,Vip-Ires-Cre,823681740,CGE interneuron,New Patchseq,Lamp5,1,
Vip-Ires-Cre,Vip-Ires-Cre,669825289,MGE interneuron,New Patchseq,Sst,0,
Vip-Ires-Cre,Vip-Ires-Cre,786135798,MGE interneuron,New Patchseq,Sst,0,
Vip-Ires-Cre,Vip-Ires-Cre,821907565,MGE interneuron,New Patchseq,Pvalb,0,
Vip-Ires-Cre,Vip-Ires-Cre,740660643,MGE interneuron,New Patchseq,Sst,0,
Vip-Ires-Cre,Vip-Ires-Cre,863585604,MGE interneuron,New Patchseq,Sst,0,
Vip-Ires-Cre,Vip-Ires-Cre,857223181,CGE interneuron,New Patchseq,Sncg,0,
Vip-Ires-Cre,Vip-Ires-Cre,714936352,CGE interneuron,New Patchseq,Sncg,0,
Vip-Ires-Cre,Vip-Ires-Cre,623415197,MGE interneuron,New Patchseq,Pvalb,0,
Vip-Ires-Cre,Vip-Ires-Cre,658012080,MGE interneuron,New Patchseq,Sst,0,
Vip-Ires-Cre,Vip-Ires-Cre,604646725,CGE interneuron,New Patchseq,Vip,0,
Vip-Ires-Cre,Vip-Ires-Cre,661492805,MGE interneuron,New Patchseq,Sst,0,
Vip-Ires-Cre,Vip-Ires-Cre,701075567,MGE interneuron,New Patchseq,Sst,0,
Vip-Ires-Cre,Vip-Ires-Cre,762590075,MGE interneuron,New Patchseq,Pvalb,0,
Vip-Ires-Cre,Vip-Ires-Cre,750833190,MGE interneuron,New Patchseq,Sst,0,
Sst-Ires-Cre,Sst-Ires-Cre,691685873,CGE interneuron,New Patchseq,Lamp5,1,
Sst-Ires-Cre,Sst-Ires-Cre,708221965,MGE interneuron,New Patchseq,Sst,0,
Sst-Ires-Cre,Sst-Ires-Cre,710920450,MGE interneuron,New Patchseq,Sst,0,
Sst-Ires-Cre,Sst-Ires-Cre,643754730,MGE interneuron,New Patchseq,Sst,0,
Sst-Ires-Cre,Sst-Ires-Cre,605160536,CGE interneuron,New Patchseq,Vip,0,
Sst-Ires-Cre,Sst-Ires-Cre,740649731,MGE interneuron,New Patchseq,Sst,0,
Sst-Ires-Cre,Sst-Ires-Cre,760268259,MGE interneuron,New Patchseq,Sst,0,
Sst-Ires-Cre,Sst-Ires-Cre,647045788,MGE interneuron,New Patchseq,Sst,0,
Sst-Ires-Cre,Sst-Ires-Cre,692083084,MGE interneuron,New Patchseq,Sst,0,
Sst-Ires-Cre,Sst-Ires-Cre,730744363,MGE interneuron,New Patchseq,Pvalb,0,
Sst-Ires-Cre,Sst-Ires-Cre,744476851,MGE interneuron,New Patchseq,Sst,0,
Sst-Ires-Cre,Sst-Ires-Cre,668337999,MGE interneuron,New Patchseq,Sst,0,
Sst-Ires-Cre,Sst-Ires-Cre,694419620,MGE interneuron,New Patchseq,Pvalb,0,
Sst-Ires-Cre,Sst-Ires-Cre,826712572,CGE interneuron,New Patchseq,Lamp5,1,
Sst-Ires-Cre,Sst-Ires-Cre,946190769,CGE interneuron,New Patchseq,Sncg,0,
Sst-Ires-Cre,Sst-Ires-Cre,764902707,CGE interneuron,New Patchseq,Lamp5,1,
Sst-Ires-Cre,Sst-Ires-Cre,731683221,MGE interneuron,New Patchseq,Sst,0,
Sst-Ires-Cre,Sst-Ires-Cre,722821387,MGE interneuron,New Patchseq,Sst,0,
Sst-Ires-Cre,Sst-Ires-Cre,742009621,MGE interneuron,New Patchseq,Sst,0,
Sst-Ires-Cre,Sst-Ires-Cre,718257664,MGE interneuron,New Patchseq,Pvalb,0,
Sst-Ires-Cre,Sst-Ires-Cre,844965212,MGE interneuron,New Patchseq,Sst,0,
Sst-Ires-Cre,Sst-Ires-Cre,958930508,MGE interneuron,New Patchseq,Pvalb,0,
Sst-Ires-Cre,Sst-Ires-Cre,687907602,MGE interneuron,New Patchseq,Sst,0,
Sst-Ires-Cre,Sst-Ires-Cre,760961855,MGE interneuron,New Patchseq,Sst,0,
Sst-Ires-Cre,Sst-Ires-Cre,823719680,CGE interneuron,New Patchseq,Lamp5,1,
Sst-Ires-Cre,Sst-Ires-Cre,680108584,MGE interneuron,New Patchseq,Pvalb,0,
Sst-Ires-Cre,Sst-Ires-Cre,855791035,CGE interneuron,New Patchseq,Sncg,0,
Sst-Ires-Cre,Sst-Ires-Cre,718656998,MGE interneuron,New Patchseq,Pvalb,0,
Sst-Ires-Cre,Sst-Ires-Cre,669074640,MGE interneuron,New Patchseq,Sst,0,
Sst-Ires-Cre,Sst-Ires-Cre,657185355,CGE interneuron,New Patchseq,Vip,0,
Sst-Ires-Cre,Sst-Ires-Cre,718640845,MGE interneuron,New Patchseq,Sst,0,
Sst-Ires-Cre,Sst-Ires-Cre,718135969,MGE interneuron,New Patchseq,Sst,0,
Sst-Ires-Cre,Sst-Ires-Cre,803605276,MGE interneuron,New Patchseq,Sst,0,
Sst-Ires-Cre,Sst-Ires-Cre,694183636,CGE interneuron,New Patchseq,Vip,0,
Sst-Ires-Cre,Sst-Ires-Cre,670340941,MGE interneuron,New Patchseq,Sst,0,
Sst-Ires-Cre,Sst-Ires-Cre,653327513,MGE interneuron,New Patchseq,Pvalb,0,
Sst-Ires-Cre,Sst-Ires-Cre,699495755,MGE interneuron,New Patchseq,Pvalb,0,
Sst-Ires-Cre,Sst-Ires-Cre,808875776,MGE interneuron,New Patchseq,Sst,0,
Sst-Ires-Cre,Sst-Ires-Cre,750472605,MGE interneuron,New Patchseq,Sst,0,
Sst-Ires-Cre,Sst-Ires-Cre,699448311,MGE interneuron,New Patchseq,Pvalb,0,
Sst-Ires-Cre,Sst-Ires-Cre,605060256,CGE interneuron,New Patchseq,Vip,0,
Sst-Ires-Cre,Sst-Ires-Cre,743504177,CGE interneuron,New Patchseq,Vip,0,
Sst-Ires-Cre,Sst-Ires-Cre,821774757,MGE interneuron,New Patchseq,Sst,0,
Sst-Ires-Cre,Sst-Ires-Cre,842841654,MGE interneuron,New Patchseq,Sst,0,
Sst-Ires-Cre,Sst-Ires-Cre,739810705,CGE interneuron,New Patchseq,Lamp5,1,
Sst-Ires-Cre,Sst-Ires-Cre,694220357,MGE interneuron,New Patchseq,Pvalb,0,
Sst-Ires-Cre,Sst-Ires-Cre,703283610,MGE interneuron,New Patchseq,Sst,0,
Sst-Ires-Cre,Sst-Ires-Cre,729135271,MGE interneuron,New Patchseq,Sst,0,
Sst-Ires-Cre,Sst-Ires-Cre,764872932,MGE interneuron,New Patchseq,Pvalb,0,
Sst-Ires-Cre,Sst-Ires-Cre,743012953,MGE interneuron,New Patchseq,Sst,0,
Sst-Ires-Cre,Sst-Ires-Cre,720678722,MGE interneuron,New Patchseq,Sst,0,
Sst-Ires-Cre,Sst-Ires-Cre,818792182,MGE interneuron,New Patchseq,Pvalb,0,
Sst-Ires-Cre,Sst-Ires-Cre,657675492,MGE interneuron,New Patchseq,Sst,0,
Sst-Ires-Cre,Sst-Ires-Cre,750824726,MGE interneuron,New Patchseq,Sst,0,
Sst-Ires-Cre,Sst-Ires-Cre,639004612,CGE interneuron,New Patchseq,Vip,0,
Sst-Ires-Cre,Sst-Ires-Cre,638212024,CGE interneuron,New Patchseq,Lamp5,1,
Sst-Ires-Cre,Sst-Ires-Cre,705278421,MGE interneuron,New Patchseq,Sst,0,
Sst-Ires-Cre,Sst-Ires-Cre,707424705,MGE interneuron,New Patchseq,Sst,0,
Sst-Ires-Cre,Sst-Ires-Cre,992830261,CGE interneuron,New Patchseq,Sncg,0,
Sst-Ires-Cre,Sst-Ires-Cre,685636842,MGE interneuron,New Patchseq,Sst,0,
Sst-Ires-Cre,Sst-Ires-Cre,649387261,MGE interneuron,New Patchseq,Sst,0,
Sst-Ires-Cre,Sst-Ires-Cre,703565379,MGE interneuron,New Patchseq,Pvalb,0,
Sst-Ires-Cre,Sst-Ires-Cre,795530674,MGE interneuron,New Patchseq,Sst,0,
Sst-Ires-Cre,Sst-Ires-Cre,639708328,MGE interneuron,New Patchseq,Sst,0,
Sst-Ires-Cre,Sst-Ires-Cre,648582997,CGE interneuron,New Patchseq,Lamp5,1,
Sst-Ires-Cre,Sst-Ires-Cre,718647510,MGE interneuron,New Patchseq,Sst,0,
Sst-Ires-Cre,Sst-Ires-Cre,643727497,MGE interneuron,New Patchseq,Sst,0,
Sst-Ires-Cre,Sst-Ires-Cre,754508194,MGE interneuron,New Patchseq,Pvalb,0,
Sst-Ires-Cre,Sst-Ires-Cre,788296224,MGE interneuron,New Patchseq,Sst,0,
Sst-Ires-Cre,Sst-Ires-Cre,711903629,MGE interneuron,New Patchseq,Sst,0,
Sst-Ires-Cre,Sst-Ires-Cre,644920227,CGE interneuron,New Patchseq,Vip,0,
Sst-Ires-Cre,Sst-Ires-Cre,862596299,CGE interneuron,New Patchseq,Sncg,0,
Sst-Ires-Cre,Sst-Ires-Cre,680048186,MGE interneuron,New Patchseq,Pvalb,0,
Sst-Ires-Cre,Sst-Ires-Cre,697502029,MGE interneuron,New Patchseq,Sst,0,
Sst-Ires-Cre,Sst-Ires-Cre,601810307,MGE interneuron,New Patchseq,Sst,0,
Sst-Ires-Cre,Sst-Ires-Cre,692015490,MGE interneuron,New Patchseq,Sst,0,
Sst-Ires-Cre,Sst-Ires-Cre,710338421,MGE interneuron,New Patchseq,Sst,0,
Sst-Ires-Cre,Sst-Ires-Cre,693009119,MGE interneuron,New Patchseq,Sst,0,
Sst-Ires-Cre,Sst-Ires-Cre,992268582,MGE interneuron,New Patchseq,Pvalb,0,
Sst-Ires-Cre,Sst-Ires-Cre,743001170,CGE interneuron,New Patchseq,Sncg,0,
Sst-Ires-Cre,Sst-Ires-Cre,764879591,CGE interneuron,New Patchseq,Vip,0,
Sst-Ires-Cre,Sst-Ires-Cre,717637005,CGE interneuron,New Patchseq,Lamp5,1,
Sst-Ires-Cre,Sst-Ires-Cre,760821319,MGE interneuron,New Patchseq,Sst,0,
Sst-Ires-Cre,Sst-Ires-Cre,722795299,MGE interneuron,New Patchseq,Sst,0,
Sst-Ires-Cre,Sst-Ires-Cre,660050258,MGE interneuron,New Patchseq,Sst,0,
Sst-Ires-Cre,Sst-Ires-Cre,823253200,MGE interneuron,New Patchseq,Sst,0,
Sst-Ires-Cre,Sst-Ires-Cre,606098116,MGE interneuron,New Patchseq,Pvalb,0,
Sst-Ires-Cre,Sst-Ires-Cre,718205473,MGE interneuron,New Patchseq,Sst,0,
Sst-Ires-Cre,Sst-Ires-Cre,763378303,MGE interneuron,New Patchseq,Pvalb,0,
Sst-Ires-Cre,Sst-Ires-Cre,766591236,MGE interneuron,New Patchseq,Sst,0,
Sst-Ires-Cre,Sst-Ires-Cre,639881631,MGE interneuron,New Patchseq,Sst,0,
Sst-Ires-Cre,Sst-Ires-Cre,764341238,CGE interneuron,New Patchseq,Lamp5,1,
Sst-Ires-Cre,Sst-Ires-Cre,808537562,MGE interneuron,New Patchseq,Sst,0,
Sst-Ires-Cre,Sst-Ires-Cre,715159651,CGE interneuron,New Patchseq,Vip,0,
Sst-Ires-Cre,Sst-Ires-Cre,698586385,MGE interneuron,New Patchseq,Pvalb,0,
Sst-Ires-Cre,Sst-Ires-Cre,993245688,CGE interneuron,New Patchseq,Sncg,0,
Sst-Ires-Cre,Sst-Ires-Cre,731733715,MGE interneuron,New Patchseq,Sst,0,
Sst-Ires-Cre,Sst-Ires-Cre,739792780,MGE interneuron,New Patchseq,Sst,0,
Sst-Ires-Cre,Sst-Ires-Cre,809338969,MGE interneuron,New Patchseq,Sst,0,
Sst-Ires-Cre,Sst-Ires-Cre,797722932,CGE interneuron,New Patchseq,Vip,0,
Sst-Ires-Cre,Sst-Ires-Cre,659405868,MGE interneuron,New Patchseq,Sst,0,
Sst-Ires-Cre,Sst-Ires-Cre,764726542,MGE interneuron,New Patchseq,Pvalb,0,
Sst-Ires-Cre,Sst-Ires-Cre,764902677,CGE interneuron,New Patchseq,Lamp5,1,
Sst-Ires-Cre,Sst-Ires-Cre,714755043,CGE interneuron,New Patchseq,Sncg,0,
Sst-Ires-Cre,Sst-Ires-Cre,941846857,CGE interneuron,New Patchseq,Sncg,0,
Sst-Ires-Cre,Sst-Ires-Cre,698086962,MGE interneuron,New Patchseq,Pvalb,0,
Sst-Ires-Cre,Sst-Ires-Cre,821788449,MGE interneuron,New Patchseq,Sst,0,
Scnn1A-Tg3-Cre,Scnn1A-Tg3-Cre,659413418,MGE interneuron,New Patchseq,Sst,0,
Scnn1A-Tg3-Cre,Scnn1A-Tg3-Cre,639818525,MGE interneuron,New Patchseq,Pvalb,0,
Scnn1A-Tg3-Cre,Scnn1A-Tg3-Cre,780005520,MGE interneuron,New Patchseq,Sst,0,
Scnn1A-Tg2-Cre,Scnn1A-Tg2-Cre,669523148,CGE interneuron,New Patchseq,Lamp5,1,
Scnn1A-Tg2-Cre,Scnn1A-Tg2-Cre,692777680,CGE interneuron,New Patchseq,Vip,0,
Scnn1A-Tg2-Cre,Scnn1A-Tg2-Cre,795563325,MGE interneuron,New Patchseq,Sst,0,
Scnn1A-Tg2-Cre,Scnn1A-Tg2-Cre,694437359,MGE interneuron,New Patchseq,Pvalb,0,
Scnn1A-Tg2-Cre,Scnn1A-Tg2-Cre,696115308,CGE interneuron,New Patchseq,Vip,0,
Pvalb-T2A-Flpo|Vipr2-Ires2-Cre,Pvalb-T2A-Flpo|Vipr2-Ires2-Cre,913928092,CGE interneuron,New Patchseq,Sncg,0,
Pvalb-T2A-Flpo|Vipr2-Ires2-Cre,Pvalb-T2A-Flpo|Vipr2-Ires2-Cre,744053590,CGE interneuron,New Patchseq,Vip,0,
Pvalb-T2A-Creert2,Pvalb-T2A-Creert2,760316107,CGE interneuron,New Patchseq,Vip,0,
Pvalb-T2A-Creert2,Pvalb-T2A-Creert2,657999088,MGE interneuron,New Patchseq,Sst,0,
Pvalb-Ires-Cre,Pvalb-Ires-Cre,740875222,MGE interneuron,New Patchseq,Sst,0,
Pvalb-Ires-Cre,Pvalb-Ires-Cre,744211669,CGE interneuron,New Patchseq,Vip,0,
Pvalb-Ires-Cre,Pvalb-Ires-Cre,709219898,CGE interneuron,New Patchseq,Vip,0,
Pvalb-Ires-Cre,Pvalb-Ires-Cre,863604233,MGE interneuron,New Patchseq,Sst,0,
Pvalb-Ires-Cre,Pvalb-Ires-Cre,652300499,CGE interneuron,New Patchseq,Lamp5,1,
Pvalb-Ires-Cre,Pvalb-Ires-Cre,941824942,CGE interneuron,New Patchseq,Sncg,0,
Pvalb-Ires-Cre,Pvalb-Ires-Cre,746086313,CGE interneuron,New Patchseq,Lamp5,1,
Pvalb-Ires-Cre,Pvalb-Ires-Cre,705570328,MGE interneuron,New Patchseq,Sst,0,
Pvalb-Ires-Cre,Pvalb-Ires-Cre,751991773,MGE interneuron,New Patchseq,Sst,0,
Pvalb-Ires-Cre,Pvalb-Ires-Cre,682454193,MGE interneuron,New Patchseq,Pvalb,0,
Pvalb-Ires-Cre,Pvalb-Ires-Cre,718643723,MGE interneuron,New Patchseq,Sst,0,
Pvalb-Ires-Cre,Pvalb-Ires-Cre,740780456,MGE interneuron,New Patchseq,Sst,0,
Pvalb-Ires-Cre,Pvalb-Ires-Cre,759751429,CGE interneuron,New Patchseq,Vip,0,
Pvalb-Ires-Cre,Pvalb-Ires-Cre,761304075,CGE interneuron,New Patchseq,Vip,0,
Pvalb-Ires-Cre,Pvalb-Ires-Cre,639809582,MGE interneuron,New Patchseq,Sst,0,
Pvalb-Ires-Cre,Pvalb-Ires-Cre,736884821,CGE interneuron,New Patchseq,Vip,0,
Pvalb-Ires-Cre,Pvalb-Ires-Cre,656901554,MGE interneuron,New Patchseq,Sst,0,
Pvalb-Ires-Cre,Pvalb-Ires-Cre,623434306,MGE interneuron,New Patchseq,Sst,0,
Pvalb-Ires-Cre,Pvalb-Ires-Cre,827447865,CGE interneuron,New Patchseq,Lamp5,1,
Pvalb-Ires-Cre,Pvalb-Ires-Cre,643021973,CGE interneuron,New Patchseq,Vip,0,
Pvalb-Ires-Cre,Pvalb-Ires-Cre,745736817,MGE interneuron,New Patchseq,Sst,0,
Pvalb-Ires-Cre,Pvalb-Ires-Cre,855275163,CGE interneuron,New Patchseq,Lamp5,1,
Pvalb-Ires-Cre,Pvalb-Ires-Cre,755625739,MGE interneuron,New Patchseq,Pvalb,0,
Pvalb-Ires-Cre,Pvalb-Ires-Cre,716298521,CGE interneuron,New Patchseq,Sncg,0,
Pvalb-Ires-Cre,Pvalb-Ires-Cre,670091720,MGE interneuron,New Patchseq,Pvalb,0,
Pvalb-Ires-Cre,Pvalb-Ires-Cre,740819727,MGE interneuron,New Patchseq,Sst,0,
Pvalb-Ires-Cre,Pvalb-Ires-Cre,668176228,MGE interneuron,New Patchseq,Sst,0,
Pvalb-Ires-Cre,Pvalb-Ires-Cre,626153003,MGE interneuron,New Patchseq,Sst,0,
Pvalb-Ires-Cre,Pvalb-Ires-Cre,872026690,MGE interneuron,New Patchseq,Pvalb,0,
Pvalb-Ires-Cre,Pvalb-Ires-Cre,750706642,MGE interneuron,New Patchseq,Sst,0,
Pvalb-Ires-Cre,Pvalb-Ires-Cre,691511791,CGE interneuron,New Patchseq,Vip,0,
Pvalb-Ires-Cre,Pvalb-Ires-Cre,673132928,MGE interneuron,New Patchseq,Sst,0,
Pvalb-Ires-Cre,Pvalb-Ires-Cre,799776604,CGE interneuron,New Patchseq,Sncg,0,
Pvalb-Ires-Cre,Pvalb-Ires-Cre,718237581,MGE interneuron,New Patchseq,Pvalb,0,
Pvalb-Ires-Cre,Pvalb-Ires-Cre,711770582,MGE interneuron,New Patchseq,Sst,0,
Pvalb-Ires-Cre,Pvalb-Ires-Cre,761409397,CGE interneuron,New Patchseq,Lamp5,1,
Pvalb-Ires-Cre,Pvalb-Ires-Cre,739547189,CGE interneuron,New Patchseq,Vip,0,
Pvalb-Ires-Cre,Pvalb-Ires-Cre,657184390,CGE interneuron,New Patchseq,Vip,0,
Pvalb-Ires-Cre,Pvalb-Ires-Cre,679899997,MGE interneuron,New Patchseq,Sst,0,
Pvalb-Ires-Cre,Pvalb-Ires-Cre,657661669,MGE interneuron,New Patchseq,Sst,0,
Pvalb-Ires-Cre,Pvalb-Ires-Cre,640280740,CGE interneuron,New Patchseq,Vip,0,
Pvalb-Ires-Cre,Pvalb-Ires-Cre,755592855,CGE interneuron,New Patchseq,Vip,0,
Pvalb-Ires-Cre,Pvalb-Ires-Cre,872248529,MGE interneuron,New Patchseq,Sst,0,
Pvalb-Ires-Cre,Pvalb-Ires-Cre,692824134,MGE interneuron,New Patchseq,Pvalb,0,
Pvalb-Ires-Cre,Pvalb-Ires-Cre,614728680,MGE interneuron,New Patchseq,Pvalb,0,
Pvalb-Ires-Cre,Pvalb-Ires-Cre,667473785,MGE interneuron,New Patchseq,Sst,0,
Pvalb-Ires-Cre,Pvalb-Ires-Cre,820754704,MGE interneuron,New Patchseq,Sst,0,
Pvalb-Ires-Cre,Pvalb-Ires-Cre,836844418,CGE interneuron,New Patchseq,Vip,0,
Pvalb-Ires-Cre,Pvalb-Ires-Cre,652958762,MGE interneuron,New Patchseq,Sst,0,
Pvalb-Ires-Cre,Pvalb-Ires-Cre,740164794,MGE interneuron,New Patchseq,Pvalb,0,
Pvalb-Ires-Cre,Pvalb-Ires-Cre,993243528,CGE interneuron,New Patchseq,Lamp5,1,
Pvalb-Ires-Cre,Pvalb-Ires-Cre,731651186,MGE interneuron,New Patchseq,Sst,0,
Pvalb-Ires-Cre,Pvalb-Ires-Cre,846902552,MGE interneuron,New Patchseq,Sst,0,
Pvalb-Ires-Cre,Pvalb-Ires-Cre,863631899,MGE interneuron,New Patchseq,Sst,0,
Pvalb-Ires-Cre,Pvalb-Ires-Cre,710784375,MGE interneuron,New Patchseq,Sst,0,
Pvalb-Ires-Cre,Pvalb-Ires-Cre,809649556,MGE interneuron,New Patchseq,Pvalb,0,
Pvalb-Ires-Cre,Pvalb-Ires-Cre,755625849,CGE interneuron,New Patchseq,Vip,0,
Pvalb-Ires-Cre,Pvalb-Ires-Cre,941935110,CGE interneuron,New Patchseq,Sncg,0,
Pvalb-Ires-Cre,Pvalb-Ires-Cre,829170676,MGE interneuron,New Patchseq,Pvalb,0,
Pvalb-Ires-Cre,Pvalb-Ires-Cre,692565557,MGE interneuron,New Patchseq,Sst,0,
Pvalb-Ires-Cre,Pvalb-Ires-Cre,645355846,MGE interneuron,New Patchseq,Pvalb,0,
Pvalb-Ires-Cre,Pvalb-Ires-Cre,761820827,CGE interneuron,New Patchseq,Vip,0,
Pvalb-Ires-Cre,Pvalb-Ires-Cre,645169930,CGE interneuron,New Patchseq,Lamp5,1,
Pvalb-Ires-Cre,Pvalb-Ires-Cre,844757902,MGE interneuron,New Patchseq,Sst,0,
Pvalb-Ires-Cre,Pvalb-Ires-Cre,858255768,CGE interneuron,New Patchseq,Sncg,0,
Pvalb-Ires-Cre,Pvalb-Ires-Cre,760011270,MGE interneuron,New Patchseq,Sst,0,
Pvalb-Ires-Cre,Pvalb-Ires-Cre,645057881,MGE interneuron,New Patchseq,Sst,0,
Pvalb-Ires-Cre,Pvalb-Ires-Cre,606271263,MGE interneuron,New Patchseq,Pvalb,0,
Pvalb-Ires-Cre,Pvalb-Ires-Cre,740872967,MGE interneuron,New Patchseq,Sst,0,
Pvalb-Ires-Cre,Pvalb-Ires-Cre,710730520,MGE interneuron,New Patchseq,Sst,0,
Pvalb-Ires-Cre,Pvalb-Ires-Cre,661319074,MGE interneuron,New Patchseq,Sst,0,
Pvalb-Ires-Cre,Pvalb-Ires-Cre,693265371,CGE interneuron,New Patchseq,Vip,0,
Pvalb-Ires-Cre,Pvalb-Ires-Cre,606308411,MGE interneuron,New Patchseq,Pvalb,0,
Pvalb-Ires-Cre,Pvalb-Ires-Cre,993283588,CGE interneuron,New Patchseq,Sncg,0,
Pvalb-Ires-Cre,Pvalb-Ires-Cre,739570508,CGE interneuron,New Patchseq,Vip,0,
Pvalb-Ires-Cre,Pvalb-Ires-Cre,760437219,CGE interneuron,New Patchseq,Vip,0,
Pvalb-Ires-Cre,Pvalb-Ires-Cre,808882292,MGE interneuron,New Patchseq,Sst,0,
Pvalb-Ires-Cre,Pvalb-Ires-Cre,707666779,CGE interneuron,New Patchseq,Lamp5,1,
Pvalb-Ires-Cre,Pvalb-Ires-Cre,602231708,MGE interneuron,New Patchseq,Sst,0,
Pvalb-Ires-Cre,Pvalb-Ires-Cre,760890074,CGE interneuron,New Patchseq,Vip,0,
Pvalb-Ires-Cre,Pvalb-Ires-Cre,661318431,MGE interneuron,New Patchseq,Sst,0,
Pvalb-Ires-Cre,Pvalb-Ires-Cre,752027250,MGE interneuron,New Patchseq,Sst,0,
Pvalb-Ires-Cre,Pvalb-Ires-Cre,714046701,MGE interneuron,New Patchseq,Pvalb,0,
Pvalb-Ires-Cre,Pvalb-Ires-Cre,887156236,CGE interneuron,New Patchseq,Lamp5,1,
Pvalb-Ires-Cre,Pvalb-Ires-Cre,827347629,CGE interneuron,New Patchseq,Lamp5,1,
Pvalb-Ires-Cre,Pvalb-Ires-Cre,718494231,MGE interneuron,New Patchseq,Sst,0,
Pvalb-Ires-Cre,Pvalb-Ires-Cre,643702874,MGE interneuron,New Patchseq,Sst,0,
Pvalb-Ires-Cre,Pvalb-Ires-Cre,750776506,MGE interneuron,New Patchseq,Sst,0,
Pvalb-Ires-Cre,Pvalb-Ires-Cre,764897253,CGE interneuron,New Patchseq,Lamp5,1,
Pvalb-Ires-Cre,Pvalb-Ires-Cre,741788179,MGE interneuron,New Patchseq,Sst,0,
Pvalb-Ires-Cre,Pvalb-Ires-Cre,741785767,MGE interneuron,New Patchseq,Sst,0,
Pvalb-Ires-Cre,Pvalb-Ires-Cre,640111844,MGE interneuron,New Patchseq,Sst,0,
Pvalb-Ires-Cre,Pvalb-Ires-Cre,740380531,MGE interneuron,New Patchseq,Sst,0,
Pvalb-Ires-Cre,Pvalb-Ires-Cre,657985196,MGE interneuron,New Patchseq,Sst,0,
Pvalb-Ires-Cre,Pvalb-Ires-Cre,711571947,MGE interneuron,New Patchseq,Sst,0,
Pvalb-Ires-Cre,Pvalb-Ires-Cre,844870606,CGE interneuron,New Patchseq,Vip,0,
Pvalb-Ires-Cre,Pvalb-Ires-Cre,705217315,MGE interneuron,New Patchseq,Sst,0,
Pvalb-Ires-Cre,Pvalb-Ires-Cre,668464797,CGE interneuron,New Patchseq,Vip,0,
Pvalb-Ires-Cre,Pvalb-Ires-Cre,685707621,MGE interneuron,New Patchseq,Pvalb,0,
Pvalb-Ires-Cre,Pvalb-Ires-Cre,747028632,MGE interneuron,New Patchseq,Sst,0,
Pvalb-Ires-Cre,Pvalb-Ires-Cre,639893239,MGE interneuron,New Patchseq,Sst,0,
Pvalb-Ires-Cre,Pvalb-Ires-Cre,817935092,MGE interneuron,New Patchseq,Pvalb,0,
Pvalb-Ires-Cre,Pvalb-Ires-Cre,816434177,MGE interneuron,New Patchseq,Sst,0,
Pvalb-Ires-Cre,Pvalb-Ires-Cre,689030611,MGE interneuron,New Patchseq,Pvalb,0,
Pvalb-Ires-Cre,Pvalb-Ires-Cre,823702943,MGE interneuron,New Patchseq,Pvalb,0,
Pvalb-Ires-Cre,Pvalb-Ires-Cre,681793778,CGE interneuron,New Patchseq,Vip,0,
Pvalb-Ires-Cre,Pvalb-Ires-Cre,898697809,CGE interneuron,New Patchseq,Vip,0,
Pvalb-Ires-Cre,Pvalb-Ires-Cre,718636190,MGE interneuron,New Patchseq,Sst,0,
Pvalb-Ires-Cre,Pvalb-Ires-Cre,717675736,CGE interneuron,New Patchseq,Lamp5,1,
Pvalb-Ires-Cre,Pvalb-Ires-Cre,707179690,MGE interneuron,New Patchseq,Sst,0,
Pvalb-Ires-Cre,Pvalb-Ires-Cre,810317285,MGE interneuron,New Patchseq,Sst,0,
Pvalb-Ires-Cre,Pvalb-Ires-Cre,645322005,MGE interneuron,New Patchseq,Sst,0,
Pvalb-Ires-Cre,Pvalb-Ires-Cre,825549510,CGE interneuron,New Patchseq,Lamp5,1,
Pvalb-Ires-Cre,Pvalb-Ires-Cre,692286150,CGE interneuron,New Patchseq,Vip,0,
Pvalb-Ires-Cre,Pvalb-Ires-Cre,804977071,CGE interneuron,New Patchseq,Vip,0,
Pvalb-Ires-Cre,Pvalb-Ires-Cre,871782504,MGE interneuron,New Patchseq,Pvalb,0,
Pvalb-Ires-Cre,Pvalb-Ires-Cre,601803754,MGE interneuron,New Patchseq,Sst,0,
Pvalb-Ires-Cre,Pvalb-Ires-Cre,601808698,MGE interneuron,New Patchseq,Sst,0,
Pvalb-Ires-Cre,Pvalb-Ires-Cre,745584401,MGE interneuron,New Patchseq,Sst,0,
Pvalb-Ires-Cre,Pvalb-Ires-Cre,697799017,CGE interneuron,New Patchseq,Vip,0,
Pvalb-Ires-Cre,Pvalb-Ires-Cre,738041476,CGE interneuron,New Patchseq,Vip,0,
Pvalb-Ires-Cre,Pvalb-Ires-Cre,742784488,CGE interneuron,New Patchseq,Vip,0,
Pvalb-Ires-Cre,Pvalb-Ires-Cre,692044280,MGE interneuron,New Patchseq,Sst,0,
Pvalb-Ires-Cre,Pvalb-Ires-Cre,741313892,MGE interneuron,New Patchseq,Sst,0,
Pvalb-Ires-Cre,Pvalb-Ires-Cre,657857340,MGE interneuron,New Patchseq,Sst,0,
Pvalb-Ires-Cre,Pvalb-Ires-Cre,713442456,MGE interneuron,New Patchseq,Sst,0,
Pvalb-Ires-Cre,Pvalb-Ires-Cre,669088423,MGE interneuron,New Patchseq,Sst,0,
Pvalb-Ires-Cre,Pvalb-Ires-Cre,870661094,CGE interneuron,New Patchseq,Lamp5,1,
Pvalb-Ires-Cre,Pvalb-Ires-Cre,711212623,MGE interneuron,New Patchseq,Sst,0,
Pvalb-Ires-Cre,Pvalb-Ires-Cre,759955697,MGE interneuron,New Patchseq,Sst,0,
Pvalb-Ires-Cre,Pvalb-Ires-Cre,760294832,MGE interneuron,New Patchseq,Sst,0,
Pvalb-Ires-Cre,Pvalb-Ires-Cre,828803869,CGE interneuron,New Patchseq,Lamp5,1,
Pvalb-Ires-Cre,Pvalb-Ires-Cre,643536919,CGE interneuron,New Patchseq,Sncg,0,
Pvalb-Ires-Cre,Pvalb-Ires-Cre,713132614,MGE interneuron,New Patchseq,Sst,0,
Pvalb-Ires-Cre,Pvalb-Ires-Cre,701140434,MGE interneuron,New Patchseq,Pvalb,0,
Pvalb-Ires-Cre,Pvalb-Ires-Cre,718195284,MGE interneuron,New Patchseq,Sst,0,
Pvalb-Ires-Cre,Pvalb-Ires-Cre,682332013,MGE interneuron,New Patchseq,Pvalb,0,
Pvalb-Ires-Cre,Pvalb-Ires-Cre,746732672,MGE interneuron,New Patchseq,Sst,0,
Pvalb-Ires-Cre,Pvalb-Ires-Cre,648139266,CGE interneuron,New Patchseq,Vip,0,
Pvalb-Ires-Cre,Pvalb-Ires-Cre,694734857,CGE interneuron,New Patchseq,Vip,0,
Pvalb-Ires-Cre,Pvalb-Ires-Cre,830434392,CGE interneuron,New Patchseq,Sncg,0,
Pvalb-Ires-Cre,Pvalb-Ires-Cre,760832993,MGE interneuron,New Patchseq,Sst,0,
Pvalb-Ires-Cre,Pvalb-Ires-Cre,693085460,MGE interneuron,New Patchseq,Sst,0,
Pvalb-Ires-Cre,Pvalb-Ires-Cre,697810838,CGE interneuron,New Patchseq,Vip,0,
Pvalb-Ires-Cre,Pvalb-Ires-Cre,652299236,MGE interneuron,New Patchseq,Pvalb,0,
Pvalb-Ires-Cre,Pvalb-Ires-Cre,731765828,MGE interneuron,New Patchseq,Sst,0,
Pvalb-Ires-Cre,Pvalb-Ires-Cre,661422439,CGE interneuron,New Patchseq,Vip,0,
Pvalb-Ires-Cre,Pvalb-Ires-Cre,666141992,MGE interneuron,New Patchseq,Pvalb,0,
Pvalb-Ires-Cre,Pvalb-Ires-Cre,770216620,MGE interneuron,New Patchseq,Sst,0,
Pvalb-Ires-Cre,Pvalb-Ires-Cre,694689662,CGE interneuron,New Patchseq,Vip,0,
Pvalb-Ires-Cre,Pvalb-Ires-Cre,738859085,CGE interneuron,New Patchseq,Vip,0,
Pvalb-Ires-Cre,Pvalb-Ires-Cre,786228558,MGE interneuron,New Patchseq,Pvalb,0,
Pvalb-Ires-Cre,Pvalb-Ires-Cre,740732467,MGE interneuron,New Patchseq,Sst,0,
Pvalb-Ires-Cre,Pvalb-Ires-Cre,820897104,MGE interneuron,New Patchseq,Pvalb,0,
Pvalb-Ires-Cre,Pvalb-Ires-Cre,657661984,MGE interneuron,New Patchseq,Sst,0,
Pvalb-Ires-Cre,Pvalb-Ires-Cre,692846027,MGE interneuron,New Patchseq,Pvalb,0,
Pvalb-Ires-Cre,Pvalb-Ires-Cre,659405820,MGE interneuron,New Patchseq,Sst,0,
Pvalb-Ires-Cre,Pvalb-Ires-Cre,768763533,MGE interneuron,New Patchseq,Sst,0,
Pvalb-Ires-Cre,Pvalb-Ires-Cre,744975652,CGE interneuron,New Patchseq,Vip,0,
Pvalb-Ires-Cre,Pvalb-Ires-Cre,718202813,MGE interneuron,New Patchseq,Sst,0,
Pvalb-Ires-Cre,Pvalb-Ires-Cre,714228701,MGE interneuron,New Patchseq,Pvalb,0,
Pvalb-Ires-Cre,Pvalb-Ires-Cre,827573535,CGE interneuron,New Patchseq,Lamp5,1,
Pvalb-Ires-Cre,Pvalb-Ires-Cre,697787349,MGE interneuron,New Patchseq,Pvalb,0,
Pvalb-Ires-Cre,Pvalb-Ires-Cre,808475329,MGE interneuron,New Patchseq,Pvalb,0,
Pvalb-Ires-Cre,Pvalb-Ires-Cre,639962984,MGE interneuron,New Patchseq,Sst,0,
Pvalb-Ires-Cre,Pvalb-Ires-Cre,679457550,MGE interneuron,New Patchseq,Sst,0,
Pvalb-Ires-Cre,Pvalb-Ires-Cre,646852171,MGE interneuron,New Patchseq,Pvalb,0,
Pvalb-Ires-Cre,Pvalb-Ires-Cre,821771315,MGE interneuron,New Patchseq,Sst,0,
Pvalb-Ires-Cre,Pvalb-Ires-Cre,740695122,MGE interneuron,New Patchseq,Sst,0,
Pvalb-Ires-Cre,Pvalb-Ires-Cre,714601733,MGE interneuron,New Patchseq,Pvalb,0,
Pvalb-Ires-Cre,Pvalb-Ires-Cre,741940660,MGE interneuron,New Patchseq,Sst,0,
Pvalb-Ires-Cre,Pvalb-Ires-Cre,740890186,MGE interneuron,New Patchseq,Pvalb,0,
Pvalb-Ires-Cre,Pvalb-Ires-Cre,795572082,MGE interneuron,New Patchseq,Sst,0,
Pvalb-Ires-Cre,Pvalb-Ires-Cre,689656936,MGE interneuron,New Patchseq,Sst,0,
Pvalb-Ires-Cre,Pvalb-Ires-Cre,691665864,CGE interneuron,New Patchseq,Lamp5,1,
Pvalb-Ires-Cre,Pvalb-Ires-Cre,688958418,MGE interneuron,New Patchseq,Sst,0,
Pvalb-Ires-Cre,Pvalb-Ires-Cre,746917764,MGE interneuron,New Patchseq,Sst,0,
Pvalb-Ires-Cre,Pvalb-Ires-Cre,601790961,MGE interneuron,New Patchseq,Sst,0,
Pvalb-Ires-Cre,Pvalb-Ires-Cre,720207494,MGE interneuron,New Patchseq,Sst,0,
Pvalb-Ires-Cre,Pvalb-Ires-Cre,855357345,CGE interneuron,New Patchseq,Sncg,0,
Pvalb-Ires-Cre,Pvalb-Ires-Cre,764391439,CGE interneuron,New Patchseq,Lamp5,1,
Pvalb-Ires-Cre,Pvalb-Ires-Cre,707403326,MGE interneuron,New Patchseq,Sst,0,
Pvalb-Ires-Cre,Pvalb-Ires-Cre,740675145,MGE interneuron,New Patchseq,Sst,0,
Pvalb-Ires-Cre,Pvalb-Ires-Cre,645012440,MGE interneuron,New Patchseq,Sst,0,
Pvalb-Ires-Cre,Pvalb-Ires-Cre,720318238,MGE interneuron,New Patchseq,Sst,0,
Pvalb-Ires-Cre,Pvalb-Ires-Cre,627881581,MGE interneuron,New Patchseq,Sst,0,
Pvalb-Ires-Cre,Pvalb-Ires-Cre,639862877,MGE interneuron,New Patchseq,Sst,0,
Pvalb-Ires-Cre,Pvalb-Ires-Cre,673395815,MGE interneuron,New Patchseq,Sst,0,
Pvalb-Ires-Cre,Pvalb-Ires-Cre,689211404,MGE interneuron,New Patchseq,Pvalb,0,
Pvalb-Ires-Cre,Pvalb-Ires-Cre,809113087,MGE interneuron,New Patchseq,Sst,0,
Pvalb-Ires-Cre,Pvalb-Ires-Cre,827524052,CGE interneuron,New Patchseq,Lamp5,1,
Pvalb-Ires-Cre,Pvalb-Ires-Cre,653699672,MGE interneuron,New Patchseq,Sst,0,
Pvalb-Ires-Cre,Pvalb-Ires-Cre,745633800,MGE interneuron,New Patchseq,Sst,0,
Pvalb-Ires-Cre,Pvalb-Ires-Cre,758263126,CGE interneuron,New Patchseq,Vip,0,
Pvalb-Ires-Cre,Pvalb-Ires-Cre,751947558,MGE interneuron,New Patchseq,Sst,0,
Pvalb-Ires-Cre,Pvalb-Ires-Cre,691719142,CGE interneuron,New Patchseq,Vip,0,
Pvalb-Ires-Cre,Pvalb-Ires-Cre,639674270,CGE interneuron,New Patchseq,Vip,0,
Pvalb-Ires-Cre,Pvalb-Ires-Cre,831988252,CGE interneuron,New Patchseq,Vip,0,
Pvalb-Ires-Cre,Pvalb-Ires-Cre,746257405,MGE interneuron,New Patchseq,Sst,0,
Pvalb-Ires-Cre,Pvalb-Ires-Cre,704047023,MGE interneuron,New Patchseq,Sst,0,
Pvalb-Ires-Cre,Pvalb-Ires-Cre,841834394,MGE interneuron,New Patchseq,Sst,0,
Pvalb-Ires-Cre,Pvalb-Ires-Cre,718644056,MGE interneuron,New Patchseq,Sst,0,
Pvalb-Ires-Cre,Pvalb-Ires-Cre,639841063,MGE interneuron,New Patchseq,Sst,0,
Pvalb-Ires-Cre,Pvalb-Ires-Cre,847083836,MGE interneuron,New Patchseq,Sst,0,
Pvalb-Ires-Cre,Pvalb-Ires-Cre,851016910,MGE interneuron,New Patchseq,Sst,0,
Pvalb-Ires-Cre,Pvalb-Ires-Cre,740155221,MGE interneuron,New Patchseq,Sst,0,
Pvalb-Ires-Cre,Pvalb-Ires-Cre,759939473,MGE interneuron,New Patchseq,Sst,0,
Pvalb-Ires-Cre,Pvalb-Ires-Cre,694146546,CGE interneuron,New Patchseq,Vip,0,
Pvalb-Ires-Cre,Pvalb-Ires-Cre,656705176,MGE interneuron,New Patchseq,Sst,0,
Pvalb-Ires-Cre,Pvalb-Ires-Cre,778327002,CGE interneuron,New Patchseq,Vip,0,
Pvalb-Ires-Cre,Pvalb-Ires-Cre,829185764,CGE interneuron,New Patchseq,Vip,0,
Pvalb-Ires-Cre,Pvalb-Ires-Cre,698570301,MGE interneuron,New Patchseq,Pvalb,0,
Pvalb-Ires-Cre,Pvalb-Ires-Cre,763952780,CGE interneuron,New Patchseq,Vip,0,
Sst Myh8 Etv1,Sst Myh8 Etv1,657858349,MGE interneuron,New Patchseq,Sst,0,
Vip Chat Htr1F,Vip Chat Htr1F,755552030,CGE interneuron,New Patchseq,Vip,0,
Lamp5 Lsp1,Lamp5 Lsp1,652305423,CGE interneuron,New Patchseq,Lamp5,1,
Sst Hpse Cbln4,Sst Hpse Cbln4,760981484,MGE interneuron,New Patchseq,Sst,0,
Sst Calb2 Pdlim5,Sst Calb2 Pdlim5,842844583,MGE interneuron,New Patchseq,Sst,0,
Lamp5 Lhx6,Lamp5 Lhx6,711483278,CGE interneuron,New Patchseq,Lamp5,1,
Sncg Vip Itih5,Sncg Vip Itih5,992386952,CGE interneuron,New Patchseq,Sncg,0,
Pvalb Reln Itm2A,Pvalb Reln Itm2A,886335606,MGE interneuron,New Patchseq,Pvalb,0,
Sncg Vip Itih5,Sncg Vip Itih5,859655391,CGE interneuron,New Patchseq,Sncg,0,
Pvalb Tpbg,Pvalb Tpbg,744454952,MGE interneuron,New Patchseq,Pvalb,0,
Lamp5 Ntn1 Npy2R,Lamp5 Ntn1 Npy2R,889183564,CGE interneuron,New Patchseq,Lamp5,1,
Vip Ptprt Pkp2,Vip Ptprt Pkp2,700390241,CGE interneuron,New Patchseq,Vip,0,
Pvalb Tpbg,Pvalb Tpbg,639797308,MGE interneuron,New Patchseq,Pvalb,0,
Sst Nr2F2 Necab1,Sst Nr2F2 Necab1,770238836,MGE interneuron,New Patchseq,Sst,0,
Pvalb Akr1C18 Ntf3,Pvalb Akr1C18 Ntf3,887048277,MGE interneuron,New Patchseq,Pvalb,0,
Sst Calb2 Pdlim5,Sst Calb2 Pdlim5,752063316,MGE interneuron,New Patchseq,Sst,0,
Lamp5 Plch2 Dock5,Lamp5 Plch2 Dock5,652812484,CGE interneuron,New Patchseq,Lamp5,1,
Sst Nts,Sst Nts,795844214,MGE interneuron,New Patchseq,Sst,0,
Lamp5 Lsp1,Lamp5 Lsp1,642124659,CGE interneuron,New Patchseq,Lamp5,1,
Lamp5 Lsp1,Lamp5 Lsp1,659697295,CGE interneuron,New Patchseq,Lamp5,1,
Vip Crispld2 Htr2C,Vip Crispld2 Htr2C,796636728,CGE interneuron,New Patchseq,Vip,0,
Pvalb Reln Itm2A,Pvalb Reln Itm2A,892547707,MGE interneuron,New Patchseq,Pvalb,0,
Pvalb Akr1C18 Ntf3,Pvalb Akr1C18 Ntf3,904023586,MGE interneuron,New Patchseq,Pvalb,0,
Sst Tac2 Tacstd2,Sst Tac2 Tacstd2,674495385,MGE interneuron,New Patchseq,Sst,0,
Sst Hpse Sema3C,Sst Hpse Sema3C,657442490,MGE interneuron,New Patchseq,Sst,0,
Pvalb Reln Itm2A,Pvalb Reln Itm2A,837594867,MGE interneuron,New Patchseq,Pvalb,0,
Sst Hpse Cbln4,Sst Hpse Cbln4,689098357,MGE interneuron,New Patchseq,Sst,0,
Lamp5 Plch2 Dock5,Lamp5 Plch2 Dock5,825522397,CGE interneuron,New Patchseq,Lamp5,1,
Pvalb Reln Itm2A,Pvalb Reln Itm2A,762757594,MGE interneuron,New Patchseq,Pvalb,0,
Vip Crispld2 Kcne4,Vip Crispld2 Kcne4,738401019,CGE interneuron,New Patchseq,Vip,0,
Pvalb Th Sst,Pvalb Th Sst,688145929,MGE interneuron,New Patchseq,Pvalb,0,
Sst Tac1 Tacr3,Sst Tac1 Tacr3,623326230,MGE interneuron,New Patchseq,Sst,0,
Sncg Gpr50,Sncg Gpr50,935032340,CGE interneuron,New Patchseq,Sncg,0,
Sst Calb2 Pdlim5,Sst Calb2 Pdlim5,805584825,MGE interneuron,New Patchseq,Sst,0,
Pvalb Calb1 Sst,Pvalb Calb1 Sst,662580082,MGE interneuron,New Patchseq,Pvalb,0,
Sst Tac2 Tacstd2,Sst Tac2 Tacstd2,669165397,MGE interneuron,New Patchseq,Sst,0,
Vip Crispld2 Htr2C,Vip Crispld2 Htr2C,809688289,CGE interneuron,New Patchseq,Vip,0,
Vip Crispld2 Htr2C,Vip Crispld2 Htr2C,742033571,CGE interneuron,New Patchseq,Vip,0,
Sst Calb2 Necab1,Sst Calb2 Necab1,760834631,MGE interneuron,New Patchseq,Sst,0,
Vip Lmo1 Myl1,Vip Lmo1 Myl1,761344650,CGE interneuron,New Patchseq,Vip,0,
Pvalb Reln Itm2A,Pvalb Reln Itm2A,718872930,MGE interneuron,New Patchseq,Pvalb,0,
Sst Rxfp1 Eya1,Sst Rxfp1 Eya1,816012073,MGE interneuron,New Patchseq,Sst,0,
Vip Lect1 Oxtr,Vip Lect1 Oxtr,680027413,CGE interneuron,New Patchseq,Vip,0,
Sst Rxfp1 Prdm8,Sst Rxfp1 Prdm8,759948010,MGE interneuron,New Patchseq,Sst,0,
Sst Calb2 Pdlim5,Sst Calb2 Pdlim5,602535278,MGE interneuron,New Patchseq,Sst,0,
Lamp5 Plch2 Dock5,Lamp5 Plch2 Dock5,889235347,CGE interneuron,New Patchseq,Lamp5,1,
Lamp5 Ntn1 Npy2R,Lamp5 Ntn1 Npy2R,888108541,CGE interneuron,New Patchseq,Lamp5,1,
Sst Esm1,Sst Esm1,720186469,MGE interneuron,New Patchseq,Sst,0,
Pvalb Calb1 Sst,Pvalb Calb1 Sst,674126167,MGE interneuron,New Patchseq,Pvalb,0,
Sst Tac2 Tacstd2,Sst Tac2 Tacstd2,661189529,MGE interneuron,New Patchseq,Sst,0,
Vip Ptprt Pkp2,Vip Ptprt Pkp2,695316536,CGE interneuron,New Patchseq,Vip,0,
Lamp5 Ntn1 Npy2R,Lamp5 Ntn1 Npy2R,764896381,CGE interneuron,New Patchseq,Lamp5,1,
Sst Nr2F2 Necab1,Sst Nr2F2 Necab1,705817510,MGE interneuron,New Patchseq,Sst,0,
Sst Calb2 Pdlim5,Sst Calb2 Pdlim5,740135032,MGE interneuron,New Patchseq,Sst,0,
Sst Hpse Cbln4,Sst Hpse Cbln4,779708399,MGE interneuron,New Patchseq,Sst,0,
Sst Esm1,Sst Esm1,601811091,MGE interneuron,New Patchseq,Sst,0,
Pvalb Reln Itm2A,Pvalb Reln Itm2A,669838950,MGE interneuron,New Patchseq,Pvalb,0,
Sncg Vip Itih5,Sncg Vip Itih5,857296784,CGE interneuron,New Patchseq,Sncg,0,
Sst Hpse Cbln4,Sst Hpse Cbln4,657454163,MGE interneuron,New Patchseq,Sst,0,
Sst Myh8 Etv1,Sst Myh8 Etv1,741796557,MGE interneuron,New Patchseq,Sst,0,
Pvalb Tpbg,Pvalb Tpbg,656706125,MGE interneuron,New Patchseq,Pvalb,0,
Sst Calb2 Pdlim5,Sst Calb2 Pdlim5,841718359,MGE interneuron,New Patchseq,Sst,0,
Vip Chat Htr1F,Vip Chat Htr1F,796666943,CGE interneuron,New Patchseq,Vip,0,
Sst Hpse Cbln4,Sst Hpse Cbln4,656156755,MGE interneuron,New Patchseq,Sst,0,
Vip Chat Htr1F,Vip Chat Htr1F,797664123,CGE interneuron,New Patchseq,Vip,0,
Lamp5 Lsp1,Lamp5 Lsp1,644994103,CGE interneuron,New Patchseq,Lamp5,1,
Sst Nts,Sst Nts,743049614,MGE interneuron,New Patchseq,Sst,0,
Vip Crispld2 Htr2C,Vip Crispld2 Htr2C,761822060,CGE interneuron,New Patchseq,Vip,0,
Sst Mme Fam114A1,Sst Mme Fam114A1,746754997,MGE interneuron,New Patchseq,Sst,0,
Vip Crispld2 Htr2C,Vip Crispld2 Htr2C,743468218,CGE interneuron,New Patchseq,Vip,0,
Sst Rxfp1 Eya1,Sst Rxfp1 Eya1,808285808,MGE interneuron,New Patchseq,Sst,0,
Lamp5 Plch2 Dock5,Lamp5 Plch2 Dock5,866267921,CGE interneuron,New Patchseq,Lamp5,1,
Vip Ptprt Pkp2,Vip Ptprt Pkp2,730796336,CGE interneuron,New Patchseq,Vip,0,
Vip Chat Htr1F,Vip Chat Htr1F,887288382,CGE interneuron,New Patchseq,Vip,0,
Pvalb Tpbg,Pvalb Tpbg,679932490,MGE interneuron,New Patchseq,Pvalb,0,
Sncg Vip Itih5,Sncg Vip Itih5,861765455,CGE interneuron,New Patchseq,Sncg,0,
Sst Nr2F2 Necab1,Sst Nr2F2 Necab1,683899155,MGE interneuron,New Patchseq,Sst,0,
Vip Crispld2 Kcne4,Vip Crispld2 Kcne4,738043822,CGE interneuron,New Patchseq,Vip,0,
Pvalb Sema3E Kank4,Pvalb Sema3E Kank4,709153201,MGE interneuron,New Patchseq,Pvalb,0,
Sst Tac1 Htr1D,Sst Tac1 Htr1D,759970262,MGE interneuron,New Patchseq,Sst,0,
Sst Crh 4930553C11Rik,Sst Crh 4930553C11Rik,740094065,MGE interneuron,New Patchseq,Sst,0,
Sst Chodl,Sst Chodl,711528753,MGE interneuron,New Patchseq,Sst,0,
Vip Rspo1 Itga4,Vip Rspo1 Itga4,658447323,CGE interneuron,New Patchseq,Vip,0,
Lamp5 Lsp1,Lamp5 Lsp1,637846989,CGE interneuron,New Patchseq,Lamp5,1,
Lamp5 Lsp1,Lamp5 Lsp1,716832846,CGE interneuron,New Patchseq,Lamp5,1,
Sst Rxfp1 Eya1,Sst Rxfp1 Eya1,710743304,MGE interneuron,New Patchseq,Sst,0,
Pvalb Reln Itm2A,Pvalb Reln Itm2A,823830483,MGE interneuron,New Patchseq,Pvalb,0,
Sst Nts,Sst Nts,743041228,MGE interneuron,New Patchseq,Sst,0,
Vip Crispld2 Htr2C,Vip Crispld2 Htr2C,829195312,CGE interneuron,New Patchseq,Vip,0,
Pvalb Akr1C18 Ntf3,Pvalb Akr1C18 Ntf3,821563005,MGE interneuron,New Patchseq,Pvalb,0,
Sst Calb2 Pdlim5,Sst Calb2 Pdlim5,718618263,MGE interneuron,New Patchseq,Sst,0,
Inh L1 SST NMBR,Sst Nmbr,569871062,,Human Patchseq,Lamp5,1,
Inh L2-4 PVALB WFDC2,Pvalb Wfdc2,643397120,,Human Patchseq,Pvalb,0,650077366
Inh L1-2 VIP LBH,Vip Lbh,650077366,,Human Patchseq,Vip,0,681546151
Inh L2-4 PVALB WFDC2,Pvalb Wfdc2,656933853,,Human Patchseq,Pvalb,0,685766680
Inh L1-3 VIP GGH,Vip Ggh,665718254,,Human Patchseq,Vip,0,685780246
Inh L1-3 SST CALB1,Sst Calb1,681546151,,Human Patchseq,Sst,0,685806972
Inh L1-3 VIP CCDC184,Vip Ccdc184,685766680,,Human Patchseq,Vip,0,685821059
Inh L1-2 VIP LBH,Vip Lbh,685780246,,Human Patchseq,Vip,0,689306781
Inh L2-4 PVALB WFDC2,Pvalb Wfdc2,685790763,,Human Patchseq,Pvalb,0,689319155
Inh L1-3 VIP SYT6,Vip Syt6,685806972,,Human Patchseq,Vip,0,689331391
Inh L4-5 PVALB MEPE,Pvalb Mepe,685821059,,Human Patchseq,Pvalb,0,689360084
Inh L1-3 SST CALB1,Sst Calb1,689306781,,Human Patchseq,Sst,0,695505884
Inh L1-3 VIP ADAMTSL1,Vip Adamtsl1,689319155,,Human Patchseq,Vip,0,695574463
Inh L2-4 PVALB WFDC2,Pvalb Wfdc2,689331391,,Human Patchseq,Pvalb,0,700801541
Inh L2-4 PVALB WFDC2,Pvalb Wfdc2,689360084,,Human Patchseq,Pvalb,0,701072075
Inh L2-4 SST FRZB,Sst Frzb,695505884,,Human Patchseq,Sst,0,707795387
Inh L2-4 PVALB WFDC2,Pvalb Wfdc2,695574463,,Human Patchseq,Pvalb,0,707837795
Inh L2-4 PVALB WFDC2,Pvalb Wfdc2,695576844,,Human Patchseq,Pvalb,0,
Inh L1-3 VIP CCDC184,Vip Ccdc184,700801541,,Human Patchseq,Vip,0,
Inh L2-4 PVALB WFDC2,Pvalb Wfdc2,701072075,,Human Patchseq,Pvalb,0,720835661
Inh L1-2 PAX6 CDH12,Pax6 Cdh12,707795387,,Human Patchseq,Lamp5,1,
Inh L2-4 PVALB WFDC2,Pvalb Wfdc2,707837795,,Human Patchseq,Pvalb,0,720881002
Inh L2-4 PVALB WFDC2,Pvalb Wfdc2,720835661,,Human Patchseq,Pvalb,0,720885760
Inh L2-4 PVALB WFDC2,Pvalb Wfdc2,720841879,,Human Patchseq,Pvalb,0,
Inh L2-4 SST FRZB,Sst Frzb,720881002,,Human Patchseq,Sst,0,732105067
Inh L4-5 PVALB MEPE,Pvalb Mepe,720885760,,Human Patchseq,Pvalb,0,732127116
Inh L5-6 SST MIR548F2,Sst Mir548F2,732058780,,Human Patchseq,Pvalb,0,732141043
Inh L2-4 PVALB WFDC2,Pvalb Wfdc2,732105067,,Human Patchseq,Pvalb,0,737159000
Inh L1-4 VIP CHRNA6,Vip Chrna6,732115399,,Human Patchseq,Vip,0,737549021
Inh L1-4 VIP CHRNA6,Vip Chrna6,732127116,,Human Patchseq,Vip,0,737549661
Inh L1-3 VIP SYT6,Vip Syt6,732141043,,Human Patchseq,Vip,0,737553506
Inh L1-3 VIP CCDC184,Vip Ccdc184,737159000,,Human Patchseq,Vip,0,737792547
Inh L1-3 VIP SYT6,Vip Syt6,737549021,,Human Patchseq,Vip,0,751208741
Inh L1-4 LAMP5 LCP2 ,Lcp2,737549661,,Human Patchseq,Lamp5,1,
Inh L2-4 PVALB WFDC2,Pvalb Wfdc2,737553506,,Human Patchseq,Pvalb,0,758308134
Inh L2-4 SST FRZB,Sst Frzb,737792547,,Human Patchseq,Sst,0,758996755
Inh L1-2 PAX6 CDH12,Pax6 Cdh12,738006528,,Human Patchseq,Lamp5,1,
Inh L5-6 SST MIR548F2,Sst Mir548F2,751208741,,Human Patchseq,Pvalb,0,760944994
Inh L1-2 VIP TSPAN12,Vip Tspan12,758286002,,Human Patchseq,Vip,0,766789211
Inh L2-4 PVALB WFDC2,Pvalb Wfdc2,758308097,,Human Patchseq,Pvalb,0,766791643
Inh L2-3 VIP CASC6,Vip Casc6,758308134,,Human Patchseq,Vip,0,766984328
Inh L5-6 SST NPM1P10,Sst Npm1P10,758996755,,Human Patchseq,Sst,0,767084655
Inh L1-3 SST CALB1,Sst Calb1,759960718,,Human Patchseq,Sst,0,767801031
Inh L2-5 PVALB SCUBE3,Pvalb Scube3,760944994,,Human Patchseq,Pvalb,0,770249617
Inh L2-4 PVALB WFDC2,Pvalb Wfdc2,766789211,,Human Patchseq,Pvalb,0,770559860
Inh L3-5 SST ADGRG6,Sst Adgrg6,766791643,,Human Patchseq,Sst,0,770622754
Inh L1-4 LAMP5 LCP2 ,Lcp2,766984328,,Human Patchseq,Lamp5,1,
Inh L1-4 LAMP5 LCP2 ,Lcp2,767084655,,Human Patchseq,Lamp5,1,
Inh L2-5 PVALB SCUBE3,Pvalb Scube3,767801031,,Human Patchseq,Pvalb,0,797048104
Inh L1-3 VIP SYT6,Vip Syt6,770249617,,Human Patchseq,Vip,0,799031221
Inh L2-6 LAMP5 CA1,Lamp5 Ca1,770559860,,Human Patchseq,Lamp5,1,
Inh L4-6 PVALB SULF1,Pvalb Sulf1,770622754,,Human Patchseq,Pvalb,0,805772880
Inh L4-5 PVALB MEPE,Pvalb Mepe,786447528,,Human Patchseq,Pvalb,0,808920264
Inh L1-3 VIP SYT6,Vip Syt6,793395012,,Human Patchseq,Vip,0,811984547
Inh L5-6 SST TH,Sst Th,797048104,,Human Patchseq,Sst,0,819185246
Inh L1-3 VIP SYT6,Vip Syt6,799031221,,Human Patchseq,Vip,0,819194697
Inh L4-6 PVALB SULF1,Pvalb Sulf1,805772880,,Human Patchseq,Pvalb,0,819200626
Inh L3-5 SST ADGRG6,Sst Adgrg6,808920264,,Human Patchseq,Sst,0,819206421
Inh L2-4 PVALB WFDC2,Pvalb Wfdc2,811984547,,Human Patchseq,Pvalb,0,819209252
Inh L2-6 LAMP5 CA1,Lamp5 Ca1,819185246,,Human Patchseq,Lamp5,1,
Inh L1-3 SST CALB1,Sst Calb1,819194697,,Human Patchseq,Sst,0,819221461
Inh L2-4 PVALB WFDC2,Pvalb Wfdc2,819200626,,Human Patchseq,Pvalb,0,819770858
Inh L2-4 PVALB WFDC2,Pvalb Wfdc2,819206421,,Human Patchseq,Pvalb,0,819891764
Inh L2-4 SST FRZB,Sst Frzb,819209252,,Human Patchseq,Sst,0,
Inh L2-4 SST FRZB,Sst Frzb,819213795,,Human Patchseq,Sst,0,
Inh L2-4 SST FRZB,Sst Frzb,819221461,,Human Patchseq,Sst,0,839239569
Inh L3-5 SST ADGRG6,Sst Adgrg6,819770858,,Human Patchseq,Sst,0,848629140
Inh L1-3 SST CALB1,Sst Calb1,819891764,,Human Patchseq,Sst,0,848672037
Inh L4-6 PVALB SULF1,Pvalb Sulf1,835674226,,Human Patchseq,Pvalb,0,851002859
Inh L2-4 SST FRZB,Sst Frzb,839239569,,Human Patchseq,Sst,0,
Inh L2-4 SST FRZB,Sst Frzb,848565246,,Human Patchseq,Sst,0,855332601
Inh L2-4 VIP SPAG17,Vip Spag17,848610436,,Human Patchseq,Vip,0,856015279
Inh L1-3 SST CALB1,Sst Calb1,848629140,,Human Patchseq,Sst,0,864072789
Inh L2-4 SST FRZB,Sst Frzb,848636884,,Human Patchseq,Sst,0,893503755
Inh L2-4 SST FRZB,Sst Frzb,848672037,,Human Patchseq,Sst,0,894610619
Inh L1-2 PAX6 TNFAIP8L3,Pax6 Tnfaip8L3,851002859,,Human Patchseq,Lamp5,1,
Inh L2-6 LAMP5 CA1,Lamp5 Ca1,855332601,,Human Patchseq,Lamp5,1,
Inh L1-4 VIP OPRM1,Vip Oprm1,855354446,,Human Patchseq,Vip,0,907585117
Inh L2-4 SST FRZB,Sst Frzb,855460302,,Human Patchseq,Sst,0,907597822
Inh L5-6 SST KLHDC8A,Sst Klhdc8A,855488261,,Human Patchseq,Sst,0,911028006
Inh L1-3 VIP ADAMTSL1,Vip Adamtsl1,855540802,,Human Patchseq,Vip,0,914354833
Inh L5-6 SST MIR548F2,Sst Mir548F2,855760595,,Human Patchseq,Pvalb,0,
Inh L1-3 SST CALB1,Sst Calb1,855783147,,Human Patchseq,Sst,0,932161443
Inh L2-4 PVALB WFDC2,Pvalb Wfdc2,856015279,,Human Patchseq,Pvalb,0,941896404
Inh L2-4 PVALB WFDC2,Pvalb Wfdc2,864072789,,Human Patchseq,Pvalb,0,
Inh L4-5 SST STK32A,Sst Stk32A,868145983,,Human Patchseq,Sst,0,960630346
Inh L1-2 PAX6 CDH12,Pax6 Cdh12,868240930,,Human Patchseq,Lamp5,1,
Inh L1-4 LAMP5 LCP2 ,Lcp2,886539074,,Human Patchseq,Lamp5,1,
Inh L2-4 PVALB WFDC2,Pvalb Wfdc2,886544038,,Human Patchseq,Pvalb,0,
Inh L2-4 SST FRZB,Sst Frzb,886547084,,Human Patchseq,Sst,0,1009830462
Inh L4-5 SST STK32A,Sst Stk32A,889787076,,Human Patchseq,Sst,0,1025606094
Inh L5-6 SST TH,Sst Th,893412652,,Human Patchseq,Sst,0,
Inh L4-5 PVALB MEPE,Pvalb Mepe,893503755,,Human Patchseq,Pvalb,0,
Inh L1-3 SST CALB1,Sst Calb1,893647190,,Human Patchseq,Sst,0,1037452707
Inh L1-3 SST CALB1,Sst Calb1,893714311,,Human Patchseq,Sst,0,1037461069
Inh L2-4 PVALB WFDC2,Pvalb Wfdc2,894360289,,Human Patchseq,Pvalb,0,1037468224
Inh L1-3 SST CALB1,Sst Calb1,894528079,,Human Patchseq,Sst,0,1037948195
Inh L1-3 SST CALB1,Sst Calb1,894610619,,Human Patchseq,Sst,0,
Inh L1-4 LAMP5 LCP2 ,Lcp2,907564709,,Human Patchseq,Lamp5,1,
Inh L1-3 VIP SYT6,Vip Syt6,907584932,,Human Patchseq,Vip,0,1040865856
Inh L3-5 SST ADGRG6,Sst Adgrg6,907585117,,Human Patchseq,Sst,0,1041074452
Inh L1-4 LAMP5 LCP2 ,Lcp2,907597822,,Human Patchseq,Lamp5,1,
Inh L1-3 VIP CCDC184,Vip Ccdc184,911028006,,Human Patchseq,Vip,0,
Inh L5-6 GAD1 GLP1R (LHX6+),Glp1R (Lhx6+),914354833,,Human Patchseq,Pvalb,0,
Inh L2-4 PVALB WFDC2,Pvalb Wfdc2,914826774,,Human Patchseq,Pvalb,0,
Inh L1-3 VIP CCDC184,Vip Ccdc184,932161443,,Human Patchseq,Vip,0,
Inh L1-3 SST CALB1,Sst Calb1,941707648,,Human Patchseq,Sst,0,
Inh L1-3 SST CALB1,Sst Calb1,941862585,,Human Patchseq,Sst,0,
Inh L4-5 PVALB MEPE,Pvalb Mepe,941896404,,Human Patchseq,Pvalb,0,
Inh L2-4 SST FRZB,Sst Frzb,941919377,,Human Patchseq,Sst,0,
Inh L1-3 VIP SYT6,Vip Syt6,960630346,,Human Patchseq,Vip,0,1049237275
Inh L1-2 VIP LBH,Vip Lbh,960790148,,Human Patchseq,Vip,0,
Inh L1-3 SST CALB1,Sst Calb1,966905488,,Human Patchseq,Sst,0,
Inh L5-6 SST MIR548F2,Sst Mir548F2,966910744,,Human Patchseq,Pvalb,0,
Inh L2-4 PVALB WFDC2,Pvalb Wfdc2,967540207,,Human Patchseq,Pvalb,0,1058193059
Inh L1-3 SST CALB1,Sst Calb1,1002962250,,Human Patchseq,Sst,0,1060105621
Inh L1-2 SST BAGE2,Sst Bage2,1009830462,,Human Patchseq,Lamp5,1,
Inh L2-4 SST FRZB,Sst Frzb,1025606094,,Human Patchseq,Sst,0,1061696800
Inh L1-3 SST CALB1,Sst Calb1,1037452707,,Human Patchseq,Sst,0,1061720975
Inh L3-5 SST ADGRG6,Sst Adgrg6,1037461069,,Human Patchseq,Sst,0,
Inh L2-4 PVALB WFDC2,Pvalb Wfdc2,1037468224,,Human Patchseq,Pvalb,0,1065913190
Inh L4-5 PVALB MEPE,Pvalb Mepe,1037948195,,Human Patchseq,Pvalb,0,1067599469
Inh L4-5 PVALB MEPE,Pvalb Mepe,1040865856,,Human Patchseq,Pvalb,0,1067605482
Inh L1-3 VIP ADAMTSL1,Vip Adamtsl1,1041074452,,Human Patchseq,Vip,0,1069242387
Inh L1-3 VIP SYT6,Vip Syt6,1041081551,,Human Patchseq,Vip,0,1069256863
Inh L4-6 PVALB SULF1,Pvalb Sulf1,1049237275,,Human Patchseq,Pvalb,0,1072170652
Inh L4-5 PVALB MEPE,Pvalb Mepe,1058193059,,Human Patchseq,Pvalb,0,1077530486
Inh L3-5 SST ADGRG6,Sst Adgrg6,1060105621,,Human Patchseq,Sst,0,1079568285
Inh L1-3 SST CALB1,Sst Calb1,1060169142,,Human Patchseq,Sst,0,1079573757
Inh L1-3 SST CALB1,Sst Calb1,1061696800,,Human Patchseq,Sst,0,
Inh L1-3 VIP SYT6,Vip Syt6,1061720975,,Human Patchseq,Vip,0,
Inh L5-6 SST MIR548F2,Sst Mir548F2,1065913190,,Human Patchseq,Pvalb,0,
Inh L2-4 PVALB WFDC2,Pvalb Wfdc2,1067599469,,Human Patchseq,Pvalb,0,
Inh L5-6 GAD1 GLP1R (LHX6+),Glp1R (Lhx6+),1067605482,,Human Patchseq,Pvalb,0,
Inh L1-3 SST CALB1,Sst Calb1,1069242387,,Human Patchseq,Sst,0,
Inh L3-5 SST ADGRG6,Sst Adgrg6,1069256863,,Human Patchseq,Sst,0,
Inh L3-6 SST HPGD,Sst Hpgd,1072170652,,Human Patchseq,Sst,0,
Inh L4-6 PVALB SULF1,Pvalb Sulf1,1077530486,,Human Patchseq,Pvalb,0,
Inh L1-3 SST CALB1,Sst Calb1,1079568285,,Human Patchseq,Sst,0,
Inh L1-3 SST CALB1,Sst Calb1,1079573757,,Human Patchseq,Sst,0,
